Workbook
Name ALLOC_BRAND_CAMP: ALLOC!$C$8
Name ALLOC_CAMP_CLASS: ALLOC!$C$9
Name ALLOC_GRP_BRAND: ALLOC!$C$6
Name ALLOC_GRP_MARQUE: ALLOC!$C$7

Sheet ALLOC
N1: =IF($C$6="Chiffre d'affaires","REV_CA",IF($C$6="Nombre de classes","VOL_CLASS","VOL_EFF")) -> VOL_EFF
B2: 3 · Allocation & RENTABILITE — cout complet du groupe a la classe | N2: =IF($C$7="Chiffre d'affaires","REV_CA",IF($C$7="Nombre de classes","VOL_CLASS","VOL_EFF")) -> VOL_EFF
N3: =IF($C$8="Chiffre d'affaires","REV_CA",IF($C$8="Nombre de classes","VOL_CLASS","VOL_EFF")) -> REV_CA
N4: =IF($C$9="Chiffre d'affaires","REV_CA",IF($C$9="Nombre de classes","VOL_CLASS","VOL_EFF")) -> VOL_EFF
B5: Cles d'Allocation222 (saisie)
B6: Clé d’allocation siège administratif → marque | C6: Effectif
B7: Clé d’allocation Campus → Classe | C7: Effectif
B8: Clé d’allocation Marque → Campus | C8: Chiffre d'affaires
B9: Clé d’allocation Pub de marque → marque | C9: Effectif
B14: Maille fine — deplie campus/classe avec les [+]
B17: Marque ▸ Campus ▸ Classe | C17: Effectif | D17: CA | E17: VAC | F17: PERM | G17: ODIR | H17: STRUCT | I17: Frais marque | J17: Holding | K17: Cout complet | L17: Marge complete | M17: Marge %
B18: MBway | C18: =SUMIFS(_CALC_ALLOC!$G$1:$G$175,_CALC_ALLOC!$A$1:$A$175,"2026",_CALC_ALLOC!$C$1:$C$175,"MBWAY") -> 0 | D18: =SUMIFS(_CALC_ALLOC!$I$1:$I$175,_CALC_ALLOC!$A$1:$A$175,"2026",_CALC_ALLOC!$C$1:$C$175,"MBWAY") -> 0 | E18: =SUMIFS(_CALC_ALLOC!$AI$1:$AI$175,_CALC_ALLOC!$A$1:$A$175,"2026",_CALC_ALLOC!$C$1:$C$175,"MBWAY") -> 0 | F18: =SUMIFS(_CALC_ALLOC!$AJ$1:$AJ$175,_CALC_ALLOC!$A$1:$A$175,"2026",_CALC_ALLOC!$C$1:$C$175,"MBWAY") -> 0 | G18: =SUMIFS(_CALC_ALLOC!$AK$1:$AK$175,_CALC_ALLOC!$A$1:$A$175,"2026",_CALC_ALLOC!$C$1:$C$175,"MBWAY") -> 0 | H18: =SUMIFS(_CALC_ALLOC!$AL$1:$AL$175,_CALC_ALLOC!$A$1:$A$175,"2026",_CALC_ALLOC!$C$1:$C$175,"MBWAY") -> 0 | I18: =SUMIFS(_CALC_ALLOC!$AR$1:$AR$175,_CALC_ALLOC!$A$1:$A$175,"2026",_CALC_ALLOC!$C$1:$C$175,"MBWAY") -> 0 | J18: =SUMIFS(_CALC_ALLOC!$AM$1:$AM$175,_CALC_ALLOC!$A$1:$A$175,"2026",_CALC_ALLOC!$C$1:$C$175,"MBWAY") -> 0 | K18: =E18+F18+G18+H18+I18+J18 -> 0 | L18: =SUMIFS(_CALC_ALLOC!$AN$1:$AN$175,_CALC_ALLOC!$A$1:$A$175,"2026",_CALC_ALLOC!$C$1:$C$175,"MBWAY") -> 0 | M18: =IFERROR(L18/D18,0) -> 0
B19: Paris (MBWAY_PAR) | C19: =SUMIFS(_CALC_ALLOC!$G$1:$G$175,_CALC_ALLOC!$A$1:$A$175,"2026",_CALC_ALLOC!$B$1:$B$175,"MBWAY_PAR") -> 0 | D19: =SUMIFS(_CALC_ALLOC!$I$1:$I$175,_CALC_ALLOC!$A$1:$A$175,"2026",_CALC_ALLOC!$B$1:$B$175,"MBWAY_PAR") -> 0 | E19: =SUMIFS(_CALC_ALLOC!$AI$1:$AI$175,_CALC_ALLOC!$A$1:$A$175,"2026",_CALC_ALLOC!$B$1:$B$175,"MBWAY_PAR") -> 0 | F19: =SUMIFS(_CALC_ALLOC!$AJ$1:$AJ$175,_CALC_ALLOC!$A$1:$A$175,"2026",_CALC_ALLOC!$B$1:$B$175,"MBWAY_PAR") -> 0 | G19: =SUMIFS(_CALC_ALLOC!$AK$1:$AK$175,_CALC_ALLOC!$A$1:$A$175,"2026",_CALC_ALLOC!$B$1:$B$175,"MBWAY_PAR") -> 0 | H19: =SUMIFS(_CALC_ALLOC!$AL$1:$AL$175,_CALC_ALLOC!$A$1:$A$175,"2026",_CALC_ALLOC!$B$1:$B$175,"MBWAY_PAR") -> 0 | I19: =SUMIFS(_CALC_ALLOC!$AR$1:$AR$175,_CALC_ALLOC!$A$1:$A$175,"2026",_CALC_ALLOC!$B$1:$B$175,"MBWAY_PAR") -> 0 | J19: =SUMIFS(_CALC_ALLOC!$AM$1:$AM$175,_CALC_ALLOC!$A$1:$A$175,"2026",_CALC_ALLOC!$B$1:$B$175,"MBWAY_PAR") -> 0 | K19: =E19+F19+G19+H19+I19+J19 -> 0 | L19: =SUMIFS(_CALC_ALLOC!$AN$1:$AN$175,_CALC_ALLOC!$A$1:$A$175,"2026",_CALC_ALLOC!$B$1:$B$175,"MBWAY_PAR") -> 0 | M19: =IFERROR(L19/D19,0) -> 0
B20: BAC_MGT B1 INIT | C20: =SUMIFS(_CALC_ALLOC!$G$1:$G$175,_CALC_ALLOC!$A$1:$A$175,"2026",_CALC_ALLOC!$B$1:$B$175,"MBWAY_PAR",_CALC_ALLOC!$D$1:$D$175,"BAC_MGT",_CALC_ALLOC!$E$1:$E$175,"B1",_CALC_ALLOC!$F$1:$F$175,"INIT") -> 0 | D20: =SUMIFS(_CALC_ALLOC!$I$1:$I$175,_CALC_ALLOC!$A$1:$A$175,"2026",_CALC_ALLOC!$B$1:$B$175,"MBWAY_PAR",_CALC_ALLOC!$D$1:$D$175,"BAC_MGT",_CALC_ALLOC!$E$1:$E$175,"B1",_CALC_ALLOC!$F$1:$F$175,"INIT") -> 0 | E20: =SUMIFS(_CALC_ALLOC!$AI$1:$AI$175,_CALC_ALLOC!$A$1:$A$175,"2026",_CALC_ALLOC!$B$1:$B$175,"MBWAY_PAR",_CALC_ALLOC!$D$1:$D$175,"BAC_MGT",_CALC_ALLOC!$E$1:$E$175,"B1",_CALC_ALLOC!$F$1:$F$175,"INIT") -> 0 | F20: =SUMIFS(_CALC_ALLOC!$AJ$1:$AJ$175,_CALC_ALLOC!$A$1:$A$175,"2026",_CALC_ALLOC!$B$1:$B$175,"MBWAY_PAR",_CALC_ALLOC!$D$1:$D$175,"BAC_MGT",_CALC_ALLOC!$E$1:$E$175,"B1",_CALC_ALLOC!$F$1:$F$175,"INIT") -> 0 | G20: =SUMIFS(_CALC_ALLOC!$AK$1:$AK$175,_CALC_ALLOC!$A$1:$A$175,"2026",_CALC_ALLOC!$B$1:$B$175,"MBWAY_PAR",_CALC_ALLOC!$D$1:$D$175,"BAC_MGT",_CALC_ALLOC!$E$1:$E$175,"B1",_CALC_ALLOC!$F$1:$F$175,"INIT") -> 0 | H20: =SUMIFS(_CALC_ALLOC!$AL$1:$AL$175,_CALC_ALLOC!$A$1:$A$175,"2026",_CALC_ALLOC!$B$1:$B$175,"MBWAY_PAR",_CALC_ALLOC!$D$1:$D$175,"BAC_MGT",_CALC_ALLOC!$E$1:$E$175,"B1",_CALC_ALLOC!$F$1:$F$175,"INIT") -> 0 | I20: =SUMIFS(_CALC_ALLOC!$AR$1:$AR$175,_CALC_ALLOC!$A$1:$A$175,"2026",_CALC_ALLOC!$B$1:$B$175,"MBWAY_PAR",_CALC_ALLOC!$D$1:$D$175,"BAC_MGT",_CALC_ALLOC!$E$1:$E$175,"B1",_CALC_ALLOC!$F$1:$F$175,"INIT") -> 0 | J20: =SUMIFS(_CALC_ALLOC!$AM$1:$AM$175,_CALC_ALLOC!$A$1:$A$175,"2026",_CALC_ALLOC!$B$1:$B$175,"MBWAY_PAR",_CALC_ALLOC!$D$1:$D$175,"BAC_MGT",_CALC_ALLOC!$E$1:$E$175,"B1",_CALC_ALLOC!$F$1:$F$175,"INIT") -> 0 | K20: =E20+F20+G20+H20+I20+J20 -> 0 | L20: =SUMIFS(_CALC_ALLOC!$AN$1:$AN$175,_CALC_ALLOC!$A$1:$A$175,"2026",_CALC_ALLOC!$B$1:$B$175,"MBWAY_PAR",_CALC_ALLOC!$D$1:$D$175,"BAC_MGT",_CALC_ALLOC!$E$1:$E$175,"B1",_CALC_ALLOC!$F$1:$F$175,"INIT") -> 0 | M20: =IFERROR(L20/D20,0) -> 0
B21: BAC_MGT B2 ALT | C21: =SUMIFS(_CALC_ALLOC!$G$1:$G$175,_CALC_ALLOC!$A$1:$A$175,"2026",_CALC_ALLOC!$B$1:$B$175,"MBWAY_PAR",_CALC_ALLOC!$D$1:$D$175,"BAC_MGT",_CALC_ALLOC!$E$1:$E$175,"B2",_CALC_ALLOC!$F$1:$F$175,"ALT") -> 0 | D21: =SUMIFS(_CALC_ALLOC!$I$1:$I$175,_CALC_ALLOC!$A$1:$A$175,"2026",_CALC_ALLOC!$B$1:$B$175,"MBWAY_PAR",_CALC_ALLOC!$D$1:$D$175,"BAC_MGT",_CALC_ALLOC!$E$1:$E$175,"B2",_CALC_ALLOC!$F$1:$F$175,"ALT") -> 0 | E21: =SUMIFS(_CALC_ALLOC!$AI$1:$AI$175,_CALC_ALLOC!$A$1:$A$175,"2026",_CALC_ALLOC!$B$1:$B$175,"MBWAY_PAR",_CALC_ALLOC!$D$1:$D$175,"BAC_MGT",_CALC_ALLOC!$E$1:$E$175,"B2",_CALC_ALLOC!$F$1:$F$175,"ALT") -> 0 | F21: =SUMIFS(_CALC_ALLOC!$AJ$1:$AJ$175,_CALC_ALLOC!$A$1:$A$175,"2026",_CALC_ALLOC!$B$1:$B$175,"MBWAY_PAR",_CALC_ALLOC!$D$1:$D$175,"BAC_MGT",_CALC_ALLOC!$E$1:$E$175,"B2",_CALC_ALLOC!$F$1:$F$175,"ALT") -> 0 | G21: =SUMIFS(_CALC_ALLOC!$AK$1:$AK$175,_CALC_ALLOC!$A$1:$A$175,"2026",_CALC_ALLOC!$B$1:$B$175,"MBWAY_PAR",_CALC_ALLOC!$D$1:$D$175,"BAC_MGT",_CALC_ALLOC!$E$1:$E$175,"B2",_CALC_ALLOC!$F$1:$F$175,"ALT") -> 0 | H21: =SUMIFS(_CALC_ALLOC!$AL$1:$AL$175,_CALC_ALLOC!$A$1:$A$175,"2026",_CALC_ALLOC!$B$1:$B$175,"MBWAY_PAR",_CALC_ALLOC!$D$1:$D$175,"BAC_MGT",_CALC_ALLOC!$E$1:$E$175,"B2",_CALC_ALLOC!$F$1:$F$175,"ALT") -> 0 | I21: =SUMIFS(_CALC_ALLOC!$AR$1:$AR$175,_CALC_ALLOC!$A$1:$A$175,"2026",_CALC_ALLOC!$B$1:$B$175,"MBWAY_PAR",_CALC_ALLOC!$D$1:$D$175,"BAC_MGT",_CALC_ALLOC!$E$1:$E$175,"B2",_CALC_ALLOC!$F$1:$F$175,"ALT") -> 0 | J21: =SUMIFS(_CALC_ALLOC!$AM$1:$AM$175,_CALC_ALLOC!$A$1:$A$175,"2026",_CALC_ALLOC!$B$1:$B$175,"MBWAY_PAR",_CALC_ALLOC!$D$1:$D$175,"BAC_MGT",_CALC_ALLOC!$E$1:$E$175,"B2",_CALC_ALLOC!$F$1:$F$175,"ALT") -> 0 | K21: =E21+F21+G21+H21+I21+J21 -> 0 | L21: =SUMIFS(_CALC_ALLOC!$AN$1:$AN$175,_CALC_ALLOC!$A$1:$A$175,"2026",_CALC_ALLOC!$B$1:$B$175,"MBWAY_PAR",_CALC_ALLOC!$D$1:$D$175,"BAC_MGT",_CALC_ALLOC!$E$1:$E$175,"B2",_CALC_ALLOC!$F$1:$F$175,"ALT") -> 0 | M21: =IFERROR(L21/D21,0) -> 0
B22: BAC_MGT B3 ALT | C22: =SUMIFS(_CALC_ALLOC!$G$1:$G$175,_CALC_ALLOC!$A$1:$A$175,"2026",_CALC_ALLOC!$B$1:$B$175,"MBWAY_PAR",_CALC_ALLOC!$D$1:$D$175,"BAC_MGT",_CALC_ALLOC!$E$1:$E$175,"B3",_CALC_ALLOC!$F$1:$F$175,"ALT") -> 0 | D22: =SUMIFS(_CALC_ALLOC!$I$1:$I$175,_CALC_ALLOC!$A$1:$A$175,"2026",_CALC_ALLOC!$B$1:$B$175,"MBWAY_PAR",_CALC_ALLOC!$D$1:$D$175,"BAC_MGT",_CALC_ALLOC!$E$1:$E$175,"B3",_CALC_ALLOC!$F$1:$F$175,"ALT") -> 0 | E22: =SUMIFS(_CALC_ALLOC!$AI$1:$AI$175,_CALC_ALLOC!$A$1:$A$175,"2026",_CALC_ALLOC!$B$1:$B$175,"MBWAY_PAR",_CALC_ALLOC!$D$1:$D$175,"BAC_MGT",_CALC_ALLOC!$E$1:$E$175,"B3",_CALC_ALLOC!$F$1:$F$175,"ALT") -> 0 | F22: =SUMIFS(_CALC_ALLOC!$AJ$1:$AJ$175,_CALC_ALLOC!$A$1:$A$175,"2026",_CALC_ALLOC!$B$1:$B$175,"MBWAY_PAR",_CALC_ALLOC!$D$1:$D$175,"BAC_MGT",_CALC_ALLOC!$E$1:$E$175,"B3",_CALC_ALLOC!$F$1:$F$175,"ALT") -> 0 | G22: =SUMIFS(_CALC_ALLOC!$AK$1:$AK$175,_CALC_ALLOC!$A$1:$A$175,"2026",_CALC_ALLOC!$B$1:$B$175,"MBWAY_PAR",_CALC_ALLOC!$D$1:$D$175,"BAC_MGT",_CALC_ALLOC!$E$1:$E$175,"B3",_CALC_ALLOC!$F$1:$F$175,"ALT") -> 0 | H22: =SUMIFS(_CALC_ALLOC!$AL$1:$AL$175,_CALC_ALLOC!$A$1:$A$175,"2026",_CALC_ALLOC!$B$1:$B$175,"MBWAY_PAR",_CALC_ALLOC!$D$1:$D$175,"BAC_MGT",_CALC_ALLOC!$E$1:$E$175,"B3",_CALC_ALLOC!$F$1:$F$175,"ALT") -> 0 | I22: =SUMIFS(_CALC_ALLOC!$AR$1:$AR$175,_CALC_ALLOC!$A$1:$A$175,"2026",_CALC_ALLOC!$B$1:$B$175,"MBWAY_PAR",_CALC_ALLOC!$D$1:$D$175,"BAC_MGT",_CALC_ALLOC!$E$1:$E$175,"B3",_CALC_ALLOC!$F$1:$F$175,"ALT") -> 0 | J22: =SUMIFS(_CALC_ALLOC!$AM$1:$AM$175,_CALC_ALLOC!$A$1:$A$175,"2026",_CALC_ALLOC!$B$1:$B$175,"MBWAY_PAR",_CALC_ALLOC!$D$1:$D$175,"BAC_MGT",_CALC_ALLOC!$E$1:$E$175,"B3",_CALC_ALLOC!$F$1:$F$175,"ALT") -> 0 | K22: =E22+F22+G22+H22+I22+J22 -> 0 | L22: =SUMIFS(_CALC_ALLOC!$AN$1:$AN$175,_CALC_ALLOC!$A$1:$A$175,"2026",_CALC_ALLOC!$B$1:$B$175,"MBWAY_PAR",_CALC_ALLOC!$D$1:$D$175,"BAC_MGT",_CALC_ALLOC!$E$1:$E$175,"B3",_CALC_ALLOC!$F$1:$F$175,"ALT") -> 0 | M22: =IFERROR(L22/D22,0) -> 0
B23: MAS_MGT M1 ALT | C23: =SUMIFS(_CALC_ALLOC!$G$1:$G$175,_CALC_ALLOC!$A$1:$A$175,"2026",_CALC_ALLOC!$B$1:$B$175,"MBWAY_PAR",_CALC_ALLOC!$D$1:$D$175,"MAS_MGT",_CALC_ALLOC!$E$1:$E$175,"M1",_CALC_ALLOC!$F$1:$F$175,"ALT") -> 0 | D23: =SUMIFS(_CALC_ALLOC!$I$1:$I$175,_CALC_ALLOC!$A$1:$A$175,"2026",_CALC_ALLOC!$B$1:$B$175,"MBWAY_PAR",_CALC_ALLOC!$D$1:$D$175,"MAS_MGT",_CALC_ALLOC!$E$1:$E$175,"M1",_CALC_ALLOC!$F$1:$F$175,"ALT") -> 0 | E23: =SUMIFS(_CALC_ALLOC!$AI$1:$AI$175,_CALC_ALLOC!$A$1:$A$175,"2026",_CALC_ALLOC!$B$1:$B$175,"MBWAY_PAR",_CALC_ALLOC!$D$1:$D$175,"MAS_MGT",_CALC_ALLOC!$E$1:$E$175,"M1",_CALC_ALLOC!$F$1:$F$175,"ALT") -> 0 | F23: =SUMIFS(_CALC_ALLOC!$AJ$1:$AJ$175,_CALC_ALLOC!$A$1:$A$175,"2026",_CALC_ALLOC!$B$1:$B$175,"MBWAY_PAR",_CALC_ALLOC!$D$1:$D$175,"MAS_MGT",_CALC_ALLOC!$E$1:$E$175,"M1",_CALC_ALLOC!$F$1:$F$175,"ALT") -> 0 | G23: =SUMIFS(_CALC_ALLOC!$AK$1:$AK$175,_CALC_ALLOC!$A$1:$A$175,"2026",_CALC_ALLOC!$B$1:$B$175,"MBWAY_PAR",_CALC_ALLOC!$D$1:$D$175,"MAS_MGT",_CALC_ALLOC!$E$1:$E$175,"M1",_CALC_ALLOC!$F$1:$F$175,"ALT") -> 0 | H23: =SUMIFS(_CALC_ALLOC!$AL$1:$AL$175,_CALC_ALLOC!$A$1:$A$175,"2026",_CALC_ALLOC!$B$1:$B$175,"MBWAY_PAR",_CALC_ALLOC!$D$1:$D$175,"MAS_MGT",_CALC_ALLOC!$E$1:$E$175,"M1",_CALC_ALLOC!$F$1:$F$175,"ALT") -> 0 | I23: =SUMIFS(_CALC_ALLOC!$AR$1:$AR$175,_CALC_ALLOC!$A$1:$A$175,"2026",_CALC_ALLOC!$B$1:$B$175,"MBWAY_PAR",_CALC_ALLOC!$D$1:$D$175,"MAS_MGT",_CALC_ALLOC!$E$1:$E$175,"M1",_CALC_ALLOC!$F$1:$F$175,"ALT") -> 0 | J23: =SUMIFS(_CALC_ALLOC!$AM$1:$AM$175,_CALC_ALLOC!$A$1:$A$175,"2026",_CALC_ALLOC!$B$1:$B$175,"MBWAY_PAR",_CALC_ALLOC!$D$1:$D$175,"MAS_MGT",_CALC_ALLOC!$E$1:$E$175,"M1",_CALC_ALLOC!$F$1:$F$175,"ALT") -> 0 | K23: =E23+F23+G23+H23+I23+J23 -> 0 | L23: =SUMIFS(_CALC_ALLOC!$AN$1:$AN$175,_CALC_ALLOC!$A$1:$A$175,"2026",_CALC_ALLOC!$B$1:$B$175,"MBWAY_PAR",_CALC_ALLOC!$D$1:$D$175,"MAS_MGT",_CALC_ALLOC!$E$1:$E$175,"M1",_CALC_ALLOC!$F$1:$F$175,"ALT") -> 0 | M23: =IFERROR(L23/D23,0) -> 0
B24: MAS_MGT M2 ALT | C24: =SUMIFS(_CALC_ALLOC!$G$1:$G$175,_CALC_ALLOC!$A$1:$A$175,"2026",_CALC_ALLOC!$B$1:$B$175,"MBWAY_PAR",_CALC_ALLOC!$D$1:$D$175,"MAS_MGT",_CALC_ALLOC!$E$1:$E$175,"M2",_CALC_ALLOC!$F$1:$F$175,"ALT") -> 0 | D24: =SUMIFS(_CALC_ALLOC!$I$1:$I$175,_CALC_ALLOC!$A$1:$A$175,"2026",_CALC_ALLOC!$B$1:$B$175,"MBWAY_PAR",_CALC_ALLOC!$D$1:$D$175,"MAS_MGT",_CALC_ALLOC!$E$1:$E$175,"M2",_CALC_ALLOC!$F$1:$F$175,"ALT") -> 0 | E24: =SUMIFS(_CALC_ALLOC!$AI$1:$AI$175,_CALC_ALLOC!$A$1:$A$175,"2026",_CALC_ALLOC!$B$1:$B$175,"MBWAY_PAR",_CALC_ALLOC!$D$1:$D$175,"MAS_MGT",_CALC_ALLOC!$E$1:$E$175,"M2",_CALC_ALLOC!$F$1:$F$175,"ALT") -> 0 | F24: =SUMIFS(_CALC_ALLOC!$AJ$1:$AJ$175,_CALC_ALLOC!$A$1:$A$175,"2026",_CALC_ALLOC!$B$1:$B$175,"MBWAY_PAR",_CALC_ALLOC!$D$1:$D$175,"MAS_MGT",_CALC_ALLOC!$E$1:$E$175,"M2",_CALC_ALLOC!$F$1:$F$175,"ALT") -> 0 | G24: =SUMIFS(_CALC_ALLOC!$AK$1:$AK$175,_CALC_ALLOC!$A$1:$A$175,"2026",_CALC_ALLOC!$B$1:$B$175,"MBWAY_PAR",_CALC_ALLOC!$D$1:$D$175,"MAS_MGT",_CALC_ALLOC!$E$1:$E$175,"M2",_CALC_ALLOC!$F$1:$F$175,"ALT") -> 0 | H24: =SUMIFS(_CALC_ALLOC!$AL$1:$AL$175,_CALC_ALLOC!$A$1:$A$175,"2026",_CALC_ALLOC!$B$1:$B$175,"MBWAY_PAR",_CALC_ALLOC!$D$1:$D$175,"MAS_MGT",_CALC_ALLOC!$E$1:$E$175,"M2",_CALC_ALLOC!$F$1:$F$175,"ALT") -> 0 | I24: =SUMIFS(_CALC_ALLOC!$AR$1:$AR$175,_CALC_ALLOC!$A$1:$A$175,"2026",_CALC_ALLOC!$B$1:$B$175,"MBWAY_PAR",_CALC_ALLOC!$D$1:$D$175,"MAS_MGT",_CALC_ALLOC!$E$1:$E$175,"M2",_CALC_ALLOC!$F$1:$F$175,"ALT") -> 0 | J24: =SUMIFS(_CALC_ALLOC!$AM$1:$AM$175,_CALC_ALLOC!$A$1:$A$175,"2026",_CALC_ALLOC!$B$1:$B$175,"MBWAY_PAR",_CALC_ALLOC!$D$1:$D$175,"MAS_MGT",_CALC_ALLOC!$E$1:$E$175,"M2",_CALC_ALLOC!$F$1:$F$175,"ALT") -> 0 | K24: =E24+F24+G24+H24+I24+J24 -> 0 | L24: =SUMIFS(_CALC_ALLOC!$AN$1:$AN$175,_CALC_ALLOC!$A$1:$A$175,"2026",_CALC_ALLOC!$B$1:$B$175,"MBWAY_PAR",_CALC_ALLOC!$D$1:$D$175,"MAS_MGT",_CALC_ALLOC!$E$1:$E$175,"M2",_CALC_ALLOC!$F$1:$F$175,"ALT") -> 0 | M24: =IFERROR(L24/D24,0) -> 0
B25: Lyon (MBWAY_LYO) | C25: =SUMIFS(_CALC_ALLOC!$G$1:$G$175,_CALC_ALLOC!$A$1:$A$175,"2026",_CALC_ALLOC!$B$1:$B$175,"MBWAY_LYO") -> 0 | D25: =SUMIFS(_CALC_ALLOC!$I$1:$I$175,_CALC_ALLOC!$A$1:$A$175,"2026",_CALC_ALLOC!$B$1:$B$175,"MBWAY_LYO") -> 0 | E25: =SUMIFS(_CALC_ALLOC!$AI$1:$AI$175,_CALC_ALLOC!$A$1:$A$175,"2026",_CALC_ALLOC!$B$1:$B$175,"MBWAY_LYO") -> 0 | F25: =SUMIFS(_CALC_ALLOC!$AJ$1:$AJ$175,_CALC_ALLOC!$A$1:$A$175,"2026",_CALC_ALLOC!$B$1:$B$175,"MBWAY_LYO") -> 0 | G25: =SUMIFS(_CALC_ALLOC!$AK$1:$AK$175,_CALC_ALLOC!$A$1:$A$175,"2026",_CALC_ALLOC!$B$1:$B$175,"MBWAY_LYO") -> 0 | H25: =SUMIFS(_CALC_ALLOC!$AL$1:$AL$175,_CALC_ALLOC!$A$1:$A$175,"2026",_CALC_ALLOC!$B$1:$B$175,"MBWAY_LYO") -> 0 | I25: =SUMIFS(_CALC_ALLOC!$AR$1:$AR$175,_CALC_ALLOC!$A$1:$A$175,"2026",_CALC_ALLOC!$B$1:$B$175,"MBWAY_LYO") -> 0 | J25: =SUMIFS(_CALC_ALLOC!$AM$1:$AM$175,_CALC_ALLOC!$A$1:$A$175,"2026",_CALC_ALLOC!$B$1:$B$175,"MBWAY_LYO") -> 0 | K25: =E25+F25+G25+H25+I25+J25 -> 0 | L25: =SUMIFS(_CALC_ALLOC!$AN$1:$AN$175,_CALC_ALLOC!$A$1:$A$175,"2026",_CALC_ALLOC!$B$1:$B$175,"MBWAY_LYO") -> 0 | M25: =IFERROR(L25/D25,0) -> 0
B26: BAC_MGT B1 INIT | C26: =SUMIFS(_CALC_ALLOC!$G$1:$G$175,_CALC_ALLOC!$A$1:$A$175,"2026",_CALC_ALLOC!$B$1:$B$175,"MBWAY_LYO",_CALC_ALLOC!$D$1:$D$175,"BAC_MGT",_CALC_ALLOC!$E$1:$E$175,"B1",_CALC_ALLOC!$F$1:$F$175,"INIT") -> 0 | D26: =SUMIFS(_CALC_ALLOC!$I$1:$I$175,_CALC_ALLOC!$A$1:$A$175,"2026",_CALC_ALLOC!$B$1:$B$175,"MBWAY_LYO",_CALC_ALLOC!$D$1:$D$175,"BAC_MGT",_CALC_ALLOC!$E$1:$E$175,"B1",_CALC_ALLOC!$F$1:$F$175,"INIT") -> 0 | E26: =SUMIFS(_CALC_ALLOC!$AI$1:$AI$175,_CALC_ALLOC!$A$1:$A$175,"2026",_CALC_ALLOC!$B$1:$B$175,"MBWAY_LYO",_CALC_ALLOC!$D$1:$D$175,"BAC_MGT",_CALC_ALLOC!$E$1:$E$175,"B1",_CALC_ALLOC!$F$1:$F$175,"INIT") -> 0 | F26: =SUMIFS(_CALC_ALLOC!$AJ$1:$AJ$175,_CALC_ALLOC!$A$1:$A$175,"2026",_CALC_ALLOC!$B$1:$B$175,"MBWAY_LYO",_CALC_ALLOC!$D$1:$D$175,"BAC_MGT",_CALC_ALLOC!$E$1:$E$175,"B1",_CALC_ALLOC!$F$1:$F$175,"INIT") -> 0 | G26: =SUMIFS(_CALC_ALLOC!$AK$1:$AK$175,_CALC_ALLOC!$A$1:$A$175,"2026",_CALC_ALLOC!$B$1:$B$175,"MBWAY_LYO",_CALC_ALLOC!$D$1:$D$175,"BAC_MGT",_CALC_ALLOC!$E$1:$E$175,"B1",_CALC_ALLOC!$F$1:$F$175,"INIT") -> 0 | H26: =SUMIFS(_CALC_ALLOC!$AL$1:$AL$175,_CALC_ALLOC!$A$1:$A$175,"2026",_CALC_ALLOC!$B$1:$B$175,"MBWAY_LYO",_CALC_ALLOC!$D$1:$D$175,"BAC_MGT",_CALC_ALLOC!$E$1:$E$175,"B1",_CALC_ALLOC!$F$1:$F$175,"INIT") -> 0 | I26: =SUMIFS(_CALC_ALLOC!$AR$1:$AR$175,_CALC_ALLOC!$A$1:$A$175,"2026",_CALC_ALLOC!$B$1:$B$175,"MBWAY_LYO",_CALC_ALLOC!$D$1:$D$175,"BAC_MGT",_CALC_ALLOC!$E$1:$E$175,"B1",_CALC_ALLOC!$F$1:$F$175,"INIT") -> 0 | J26: =SUMIFS(_CALC_ALLOC!$AM$1:$AM$175,_CALC_ALLOC!$A$1:$A$175,"2026",_CALC_ALLOC!$B$1:$B$175,"MBWAY_LYO",_CALC_ALLOC!$D$1:$D$175,"BAC_MGT",_CALC_ALLOC!$E$1:$E$175,"B1",_CALC_ALLOC!$F$1:$F$175,"INIT") -> 0 | K26: =E26+F26+G26+H26+I26+J26 -> 0 | L26: =SUMIFS(_CALC_ALLOC!$AN$1:$AN$175,_CALC_ALLOC!$A$1:$A$175,"2026",_CALC_ALLOC!$B$1:$B$175,"MBWAY_LYO",_CALC_ALLOC!$D$1:$D$175,"BAC_MGT",_CALC_ALLOC!$E$1:$E$175,"B1",_CALC_ALLOC!$F$1:$F$175,"INIT") -> 0 | M26: =IFERROR(L26/D26,0) -> 0
B27: BAC_MGT B2 ALT | C27: =SUMIFS(_CALC_ALLOC!$G$1:$G$175,_CALC_ALLOC!$A$1:$A$175,"2026",_CALC_ALLOC!$B$1:$B$175,"MBWAY_LYO",_CALC_ALLOC!$D$1:$D$175,"BAC_MGT",_CALC_ALLOC!$E$1:$E$175,"B2",_CALC_ALLOC!$F$1:$F$175,"ALT") -> 0 | D27: =SUMIFS(_CALC_ALLOC!$I$1:$I$175,_CALC_ALLOC!$A$1:$A$175,"2026",_CALC_ALLOC!$B$1:$B$175,"MBWAY_LYO",_CALC_ALLOC!$D$1:$D$175,"BAC_MGT",_CALC_ALLOC!$E$1:$E$175,"B2",_CALC_ALLOC!$F$1:$F$175,"ALT") -> 0 | E27: =SUMIFS(_CALC_ALLOC!$AI$1:$AI$175,_CALC_ALLOC!$A$1:$A$175,"2026",_CALC_ALLOC!$B$1:$B$175,"MBWAY_LYO",_CALC_ALLOC!$D$1:$D$175,"BAC_MGT",_CALC_ALLOC!$E$1:$E$175,"B2",_CALC_ALLOC!$F$1:$F$175,"ALT") -> 0 | F27: =SUMIFS(_CALC_ALLOC!$AJ$1:$AJ$175,_CALC_ALLOC!$A$1:$A$175,"2026",_CALC_ALLOC!$B$1:$B$175,"MBWAY_LYO",_CALC_ALLOC!$D$1:$D$175,"BAC_MGT",_CALC_ALLOC!$E$1:$E$175,"B2",_CALC_ALLOC!$F$1:$F$175,"ALT") -> 0 | G27: =SUMIFS(_CALC_ALLOC!$AK$1:$AK$175,_CALC_ALLOC!$A$1:$A$175,"2026",_CALC_ALLOC!$B$1:$B$175,"MBWAY_LYO",_CALC_ALLOC!$D$1:$D$175,"BAC_MGT",_CALC_ALLOC!$E$1:$E$175,"B2",_CALC_ALLOC!$F$1:$F$175,"ALT") -> 0 | H27: =SUMIFS(_CALC_ALLOC!$AL$1:$AL$175,_CALC_ALLOC!$A$1:$A$175,"2026",_CALC_ALLOC!$B$1:$B$175,"MBWAY_LYO",_CALC_ALLOC!$D$1:$D$175,"BAC_MGT",_CALC_ALLOC!$E$1:$E$175,"B2",_CALC_ALLOC!$F$1:$F$175,"ALT") -> 0 | I27: =SUMIFS(_CALC_ALLOC!$AR$1:$AR$175,_CALC_ALLOC!$A$1:$A$175,"2026",_CALC_ALLOC!$B$1:$B$175,"MBWAY_LYO",_CALC_ALLOC!$D$1:$D$175,"BAC_MGT",_CALC_ALLOC!$E$1:$E$175,"B2",_CALC_ALLOC!$F$1:$F$175,"ALT") -> 0 | J27: =SUMIFS(_CALC_ALLOC!$AM$1:$AM$175,_CALC_ALLOC!$A$1:$A$175,"2026",_CALC_ALLOC!$B$1:$B$175,"MBWAY_LYO",_CALC_ALLOC!$D$1:$D$175,"BAC_MGT",_CALC_ALLOC!$E$1:$E$175,"B2",_CALC_ALLOC!$F$1:$F$175,"ALT") -> 0 | K27: =E27+F27+G27+H27+I27+J27 -> 0 | L27: =SUMIFS(_CALC_ALLOC!$AN$1:$AN$175,_CALC_ALLOC!$A$1:$A$175,"2026",_CALC_ALLOC!$B$1:$B$175,"MBWAY_LYO",_CALC_ALLOC!$D$1:$D$175,"BAC_MGT",_CALC_ALLOC!$E$1:$E$175,"B2",_CALC_ALLOC!$F$1:$F$175,"ALT") -> 0 | M27: =IFERROR(L27/D27,0) -> 0
B28: BAC_MGT B3 ALT | C28: =SUMIFS(_CALC_ALLOC!$G$1:$G$175,_CALC_ALLOC!$A$1:$A$175,"2026",_CALC_ALLOC!$B$1:$B$175,"MBWAY_LYO",_CALC_ALLOC!$D$1:$D$175,"BAC_MGT",_CALC_ALLOC!$E$1:$E$175,"B3",_CALC_ALLOC!$F$1:$F$175,"ALT") -> 0 | D28: =SUMIFS(_CALC_ALLOC!$I$1:$I$175,_CALC_ALLOC!$A$1:$A$175,"2026",_CALC_ALLOC!$B$1:$B$175,"MBWAY_LYO",_CALC_ALLOC!$D$1:$D$175,"BAC_MGT",_CALC_ALLOC!$E$1:$E$175,"B3",_CALC_ALLOC!$F$1:$F$175,"ALT") -> 0 | E28: =SUMIFS(_CALC_ALLOC!$AI$1:$AI$175,_CALC_ALLOC!$A$1:$A$175,"2026",_CALC_ALLOC!$B$1:$B$175,"MBWAY_LYO",_CALC_ALLOC!$D$1:$D$175,"BAC_MGT",_CALC_ALLOC!$E$1:$E$175,"B3",_CALC_ALLOC!$F$1:$F$175,"ALT") -> 0 | F28: =SUMIFS(_CALC_ALLOC!$AJ$1:$AJ$175,_CALC_ALLOC!$A$1:$A$175,"2026",_CALC_ALLOC!$B$1:$B$175,"MBWAY_LYO",_CALC_ALLOC!$D$1:$D$175,"BAC_MGT",_CALC_ALLOC!$E$1:$E$175,"B3",_CALC_ALLOC!$F$1:$F$175,"ALT") -> 0 | G28: =SUMIFS(_CALC_ALLOC!$AK$1:$AK$175,_CALC_ALLOC!$A$1:$A$175,"2026",_CALC_ALLOC!$B$1:$B$175,"MBWAY_LYO",_CALC_ALLOC!$D$1:$D$175,"BAC_MGT",_CALC_ALLOC!$E$1:$E$175,"B3",_CALC_ALLOC!$F$1:$F$175,"ALT") -> 0 | H28: =SUMIFS(_CALC_ALLOC!$AL$1:$AL$175,_CALC_ALLOC!$A$1:$A$175,"2026",_CALC_ALLOC!$B$1:$B$175,"MBWAY_LYO",_CALC_ALLOC!$D$1:$D$175,"BAC_MGT",_CALC_ALLOC!$E$1:$E$175,"B3",_CALC_ALLOC!$F$1:$F$175,"ALT") -> 0 | I28: =SUMIFS(_CALC_ALLOC!$AR$1:$AR$175,_CALC_ALLOC!$A$1:$A$175,"2026",_CALC_ALLOC!$B$1:$B$175,"MBWAY_LYO",_CALC_ALLOC!$D$1:$D$175,"BAC_MGT",_CALC_ALLOC!$E$1:$E$175,"B3",_CALC_ALLOC!$F$1:$F$175,"ALT") -> 0 | J28: =SUMIFS(_CALC_ALLOC!$AM$1:$AM$175,_CALC_ALLOC!$A$1:$A$175,"2026",_CALC_ALLOC!$B$1:$B$175,"MBWAY_LYO",_CALC_ALLOC!$D$1:$D$175,"BAC_MGT",_CALC_ALLOC!$E$1:$E$175,"B3",_CALC_ALLOC!$F$1:$F$175,"ALT") -> 0 | K28: =E28+F28+G28+H28+I28+J28 -> 0 | L28: =SUMIFS(_CALC_ALLOC!$AN$1:$AN$175,_CALC_ALLOC!$A$1:$A$175,"2026",_CALC_ALLOC!$B$1:$B$175,"MBWAY_LYO",_CALC_ALLOC!$D$1:$D$175,"BAC_MGT",_CALC_ALLOC!$E$1:$E$175,"B3",_CALC_ALLOC!$F$1:$F$175,"ALT") -> 0 | M28: =IFERROR(L28/D28,0) -> 0
B29: MAS_MGT M1 ALT | C29: =SUMIFS(_CALC_ALLOC!$G$1:$G$175,_CALC_ALLOC!$A$1:$A$175,"2026",_CALC_ALLOC!$B$1:$B$175,"MBWAY_LYO",_CALC_ALLOC!$D$1:$D$175,"MAS_MGT",_CALC_ALLOC!$E$1:$E$175,"M1",_CALC_ALLOC!$F$1:$F$175,"ALT") -> 0 | D29: =SUMIFS(_CALC_ALLOC!$I$1:$I$175,_CALC_ALLOC!$A$1:$A$175,"2026",_CALC_ALLOC!$B$1:$B$175,"MBWAY_LYO",_CALC_ALLOC!$D$1:$D$175,"MAS_MGT",_CALC_ALLOC!$E$1:$E$175,"M1",_CALC_ALLOC!$F$1:$F$175,"ALT") -> 0 | E29: =SUMIFS(_CALC_ALLOC!$AI$1:$AI$175,_CALC_ALLOC!$A$1:$A$175,"2026",_CALC_ALLOC!$B$1:$B$175,"MBWAY_LYO",_CALC_ALLOC!$D$1:$D$175,"MAS_MGT",_CALC_ALLOC!$E$1:$E$175,"M1",_CALC_ALLOC!$F$1:$F$175,"ALT") -> 0 | F29: =SUMIFS(_CALC_ALLOC!$AJ$1:$AJ$175,_CALC_ALLOC!$A$1:$A$175,"2026",_CALC_ALLOC!$B$1:$B$175,"MBWAY_LYO",_CALC_ALLOC!$D$1:$D$175,"MAS_MGT",_CALC_ALLOC!$E$1:$E$175,"M1",_CALC_ALLOC!$F$1:$F$175,"ALT") -> 0 | G29: =SUMIFS(_CALC_ALLOC!$AK$1:$AK$175,_CALC_ALLOC!$A$1:$A$175,"2026",_CALC_ALLOC!$B$1:$B$175,"MBWAY_LYO",_CALC_ALLOC!$D$1:$D$175,"MAS_MGT",_CALC_ALLOC!$E$1:$E$175,"M1",_CALC_ALLOC!$F$1:$F$175,"ALT") -> 0 | H29: =SUMIFS(_CALC_ALLOC!$AL$1:$AL$175,_CALC_ALLOC!$A$1:$A$175,"2026",_CALC_ALLOC!$B$1:$B$175,"MBWAY_LYO",_CALC_ALLOC!$D$1:$D$175,"MAS_MGT",_CALC_ALLOC!$E$1:$E$175,"M1",_CALC_ALLOC!$F$1:$F$175,"ALT") -> 0 | I29: =SUMIFS(_CALC_ALLOC!$AR$1:$AR$175,_CALC_ALLOC!$A$1:$A$175,"2026",_CALC_ALLOC!$B$1:$B$175,"MBWAY_LYO",_CALC_ALLOC!$D$1:$D$175,"MAS_MGT",_CALC_ALLOC!$E$1:$E$175,"M1",_CALC_ALLOC!$F$1:$F$175,"ALT") -> 0 | J29: =SUMIFS(_CALC_ALLOC!$AM$1:$AM$175,_CALC_ALLOC!$A$1:$A$175,"2026",_CALC_ALLOC!$B$1:$B$175,"MBWAY_LYO",_CALC_ALLOC!$D$1:$D$175,"MAS_MGT",_CALC_ALLOC!$E$1:$E$175,"M1",_CALC_ALLOC!$F$1:$F$175,"ALT") -> 0 | K29: =E29+F29+G29+H29+I29+J29 -> 0 | L29: =SUMIFS(_CALC_ALLOC!$AN$1:$AN$175,_CALC_ALLOC!$A$1:$A$175,"2026",_CALC_ALLOC!$B$1:$B$175,"MBWAY_LYO",_CALC_ALLOC!$D$1:$D$175,"MAS_MGT",_CALC_ALLOC!$E$1:$E$175,"M1",_CALC_ALLOC!$F$1:$F$175,"ALT") -> 0 | M29: =IFERROR(L29/D29,0) -> 0
B30: MAS_MGT M2 ALT | C30: =SUMIFS(_CALC_ALLOC!$G$1:$G$175,_CALC_ALLOC!$A$1:$A$175,"2026",_CALC_ALLOC!$B$1:$B$175,"MBWAY_LYO",_CALC_ALLOC!$D$1:$D$175,"MAS_MGT",_CALC_ALLOC!$E$1:$E$175,"M2",_CALC_ALLOC!$F$1:$F$175,"ALT") -> 0 | D30: =SUMIFS(_CALC_ALLOC!$I$1:$I$175,_CALC_ALLOC!$A$1:$A$175,"2026",_CALC_ALLOC!$B$1:$B$175,"MBWAY_LYO",_CALC_ALLOC!$D$1:$D$175,"MAS_MGT",_CALC_ALLOC!$E$1:$E$175,"M2",_CALC_ALLOC!$F$1:$F$175,"ALT") -> 0 | E30: =SUMIFS(_CALC_ALLOC!$AI$1:$AI$175,_CALC_ALLOC!$A$1:$A$175,"2026",_CALC_ALLOC!$B$1:$B$175,"MBWAY_LYO",_CALC_ALLOC!$D$1:$D$175,"MAS_MGT",_CALC_ALLOC!$E$1:$E$175,"M2",_CALC_ALLOC!$F$1:$F$175,"ALT") -> 0 | F30: =SUMIFS(_CALC_ALLOC!$AJ$1:$AJ$175,_CALC_ALLOC!$A$1:$A$175,"2026",_CALC_ALLOC!$B$1:$B$175,"MBWAY_LYO",_CALC_ALLOC!$D$1:$D$175,"MAS_MGT",_CALC_ALLOC!$E$1:$E$175,"M2",_CALC_ALLOC!$F$1:$F$175,"ALT") -> 0 | G30: =SUMIFS(_CALC_ALLOC!$AK$1:$AK$175,_CALC_ALLOC!$A$1:$A$175,"2026",_CALC_ALLOC!$B$1:$B$175,"MBWAY_LYO",_CALC_ALLOC!$D$1:$D$175,"MAS_MGT",_CALC_ALLOC!$E$1:$E$175,"M2",_CALC_ALLOC!$F$1:$F$175,"ALT") -> 0 | H30: =SUMIFS(_CALC_ALLOC!$AL$1:$AL$175,_CALC_ALLOC!$A$1:$A$175,"2026",_CALC_ALLOC!$B$1:$B$175,"MBWAY_LYO",_CALC_ALLOC!$D$1:$D$175,"MAS_MGT",_CALC_ALLOC!$E$1:$E$175,"M2",_CALC_ALLOC!$F$1:$F$175,"ALT") -> 0 | I30: =SUMIFS(_CALC_ALLOC!$AR$1:$AR$175,_CALC_ALLOC!$A$1:$A$175,"2026",_CALC_ALLOC!$B$1:$B$175,"MBWAY_LYO",_CALC_ALLOC!$D$1:$D$175,"MAS_MGT",_CALC_ALLOC!$E$1:$E$175,"M2",_CALC_ALLOC!$F$1:$F$175,"ALT") -> 0 | J30: =SUMIFS(_CALC_ALLOC!$AM$1:$AM$175,_CALC_ALLOC!$A$1:$A$175,"2026",_CALC_ALLOC!$B$1:$B$175,"MBWAY_LYO",_CALC_ALLOC!$D$1:$D$175,"MAS_MGT",_CALC_ALLOC!$E$1:$E$175,"M2",_CALC_ALLOC!$F$1:$F$175,"ALT") -> 0 | K30: =E30+F30+G30+H30+I30+J30 -> 0 | L30: =SUMIFS(_CALC_ALLOC!$AN$1:$AN$175,_CALC_ALLOC!$A$1:$A$175,"2026",_CALC_ALLOC!$B$1:$B$175,"MBWAY_LYO",_CALC_ALLOC!$D$1:$D$175,"MAS_MGT",_CALC_ALLOC!$E$1:$E$175,"M2",_CALC_ALLOC!$F$1:$F$175,"ALT") -> 0 | M30: =IFERROR(L30/D30,0) -> 0
B31: Nantes (MBWAY_NAN) | C31: =SUMIFS(_CALC_ALLOC!$G$1:$G$175,_CALC_ALLOC!$A$1:$A$175,"2026",_CALC_ALLOC!$B$1:$B$175,"MBWAY_NAN") -> 0 | D31: =SUMIFS(_CALC_ALLOC!$I$1:$I$175,_CALC_ALLOC!$A$1:$A$175,"2026",_CALC_ALLOC!$B$1:$B$175,"MBWAY_NAN") -> 0 | E31: =SUMIFS(_CALC_ALLOC!$AI$1:$AI$175,_CALC_ALLOC!$A$1:$A$175,"2026",_CALC_ALLOC!$B$1:$B$175,"MBWAY_NAN") -> 0 | F31: =SUMIFS(_CALC_ALLOC!$AJ$1:$AJ$175,_CALC_ALLOC!$A$1:$A$175,"2026",_CALC_ALLOC!$B$1:$B$175,"MBWAY_NAN") -> 0 | G31: =SUMIFS(_CALC_ALLOC!$AK$1:$AK$175,_CALC_ALLOC!$A$1:$A$175,"2026",_CALC_ALLOC!$B$1:$B$175,"MBWAY_NAN") -> 0 | H31: =SUMIFS(_CALC_ALLOC!$AL$1:$AL$175,_CALC_ALLOC!$A$1:$A$175,"2026",_CALC_ALLOC!$B$1:$B$175,"MBWAY_NAN") -> 0 | I31: =SUMIFS(_CALC_ALLOC!$AR$1:$AR$175,_CALC_ALLOC!$A$1:$A$175,"2026",_CALC_ALLOC!$B$1:$B$175,"MBWAY_NAN") -> 0 | J31: =SUMIFS(_CALC_ALLOC!$AM$1:$AM$175,_CALC_ALLOC!$A$1:$A$175,"2026",_CALC_ALLOC!$B$1:$B$175,"MBWAY_NAN") -> 0 | K31: =E31+F31+G31+H31+I31+J31 -> 0 | L31: =SUMIFS(_CALC_ALLOC!$AN$1:$AN$175,_CALC_ALLOC!$A$1:$A$175,"2026",_CALC_ALLOC!$B$1:$B$175,"MBWAY_NAN") -> 0 | M31: =IFERROR(L31/D31,0) -> 0
B32: BAC_MGT B1 INIT | C32: =SUMIFS(_CALC_ALLOC!$G$1:$G$175,_CALC_ALLOC!$A$1:$A$175,"2026",_CALC_ALLOC!$B$1:$B$175,"MBWAY_NAN",_CALC_ALLOC!$D$1:$D$175,"BAC_MGT",_CALC_ALLOC!$E$1:$E$175,"B1",_CALC_ALLOC!$F$1:$F$175,"INIT") -> 0 | D32: =SUMIFS(_CALC_ALLOC!$I$1:$I$175,_CALC_ALLOC!$A$1:$A$175,"2026",_CALC_ALLOC!$B$1:$B$175,"MBWAY_NAN",_CALC_ALLOC!$D$1:$D$175,"BAC_MGT",_CALC_ALLOC!$E$1:$E$175,"B1",_CALC_ALLOC!$F$1:$F$175,"INIT") -> 0 | E32: =SUMIFS(_CALC_ALLOC!$AI$1:$AI$175,_CALC_ALLOC!$A$1:$A$175,"2026",_CALC_ALLOC!$B$1:$B$175,"MBWAY_NAN",_CALC_ALLOC!$D$1:$D$175,"BAC_MGT",_CALC_ALLOC!$E$1:$E$175,"B1",_CALC_ALLOC!$F$1:$F$175,"INIT") -> 0 | F32: =SUMIFS(_CALC_ALLOC!$AJ$1:$AJ$175,_CALC_ALLOC!$A$1:$A$175,"2026",_CALC_ALLOC!$B$1:$B$175,"MBWAY_NAN",_CALC_ALLOC!$D$1:$D$175,"BAC_MGT",_CALC_ALLOC!$E$1:$E$175,"B1",_CALC_ALLOC!$F$1:$F$175,"INIT") -> 0 | G32: =SUMIFS(_CALC_ALLOC!$AK$1:$AK$175,_CALC_ALLOC!$A$1:$A$175,"2026",_CALC_ALLOC!$B$1:$B$175,"MBWAY_NAN",_CALC_ALLOC!$D$1:$D$175,"BAC_MGT",_CALC_ALLOC!$E$1:$E$175,"B1",_CALC_ALLOC!$F$1:$F$175,"INIT") -> 0 | H32: =SUMIFS(_CALC_ALLOC!$AL$1:$AL$175,_CALC_ALLOC!$A$1:$A$175,"2026",_CALC_ALLOC!$B$1:$B$175,"MBWAY_NAN",_CALC_ALLOC!$D$1:$D$175,"BAC_MGT",_CALC_ALLOC!$E$1:$E$175,"B1",_CALC_ALLOC!$F$1:$F$175,"INIT") -> 0 | I32: =SUMIFS(_CALC_ALLOC!$AR$1:$AR$175,_CALC_ALLOC!$A$1:$A$175,"2026",_CALC_ALLOC!$B$1:$B$175,"MBWAY_NAN",_CALC_ALLOC!$D$1:$D$175,"BAC_MGT",_CALC_ALLOC!$E$1:$E$175,"B1",_CALC_ALLOC!$F$1:$F$175,"INIT") -> 0 | J32: =SUMIFS(_CALC_ALLOC!$AM$1:$AM$175,_CALC_ALLOC!$A$1:$A$175,"2026",_CALC_ALLOC!$B$1:$B$175,"MBWAY_NAN",_CALC_ALLOC!$D$1:$D$175,"BAC_MGT",_CALC_ALLOC!$E$1:$E$175,"B1",_CALC_ALLOC!$F$1:$F$175,"INIT") -> 0 | K32: =E32+F32+G32+H32+I32+J32 -> 0 | L32: =SUMIFS(_CALC_ALLOC!$AN$1:$AN$175,_CALC_ALLOC!$A$1:$A$175,"2026",_CALC_ALLOC!$B$1:$B$175,"MBWAY_NAN",_CALC_ALLOC!$D$1:$D$175,"BAC_MGT",_CALC_ALLOC!$E$1:$E$175,"B1",_CALC_ALLOC!$F$1:$F$175,"INIT") -> 0 | M32: =IFERROR(L32/D32,0) -> 0
B33: BAC_MGT B2 ALT | C33: =SUMIFS(_CALC_ALLOC!$G$1:$G$175,_CALC_ALLOC!$A$1:$A$175,"2026",_CALC_ALLOC!$B$1:$B$175,"MBWAY_NAN",_CALC_ALLOC!$D$1:$D$175,"BAC_MGT",_CALC_ALLOC!$E$1:$E$175,"B2",_CALC_ALLOC!$F$1:$F$175,"ALT") -> 0 | D33: =SUMIFS(_CALC_ALLOC!$I$1:$I$175,_CALC_ALLOC!$A$1:$A$175,"2026",_CALC_ALLOC!$B$1:$B$175,"MBWAY_NAN",_CALC_ALLOC!$D$1:$D$175,"BAC_MGT",_CALC_ALLOC!$E$1:$E$175,"B2",_CALC_ALLOC!$F$1:$F$175,"ALT") -> 0 | E33: =SUMIFS(_CALC_ALLOC!$AI$1:$AI$175,_CALC_ALLOC!$A$1:$A$175,"2026",_CALC_ALLOC!$B$1:$B$175,"MBWAY_NAN",_CALC_ALLOC!$D$1:$D$175,"BAC_MGT",_CALC_ALLOC!$E$1:$E$175,"B2",_CALC_ALLOC!$F$1:$F$175,"ALT") -> 0 | F33: =SUMIFS(_CALC_ALLOC!$AJ$1:$AJ$175,_CALC_ALLOC!$A$1:$A$175,"2026",_CALC_ALLOC!$B$1:$B$175,"MBWAY_NAN",_CALC_ALLOC!$D$1:$D$175,"BAC_MGT",_CALC_ALLOC!$E$1:$E$175,"B2",_CALC_ALLOC!$F$1:$F$175,"ALT") -> 0 | G33: =SUMIFS(_CALC_ALLOC!$AK$1:$AK$175,_CALC_ALLOC!$A$1:$A$175,"2026",_CALC_ALLOC!$B$1:$B$175,"MBWAY_NAN",_CALC_ALLOC!$D$1:$D$175,"BAC_MGT",_CALC_ALLOC!$E$1:$E$175,"B2",_CALC_ALLOC!$F$1:$F$175,"ALT") -> 0 | H33: =SUMIFS(_CALC_ALLOC!$AL$1:$AL$175,_CALC_ALLOC!$A$1:$A$175,"2026",_CALC_ALLOC!$B$1:$B$175,"MBWAY_NAN",_CALC_ALLOC!$D$1:$D$175,"BAC_MGT",_CALC_ALLOC!$E$1:$E$175,"B2",_CALC_ALLOC!$F$1:$F$175,"ALT") -> 0 | I33: =SUMIFS(_CALC_ALLOC!$AR$1:$AR$175,_CALC_ALLOC!$A$1:$A$175,"2026",_CALC_ALLOC!$B$1:$B$175,"MBWAY_NAN",_CALC_ALLOC!$D$1:$D$175,"BAC_MGT",_CALC_ALLOC!$E$1:$E$175,"B2",_CALC_ALLOC!$F$1:$F$175,"ALT") -> 0 | J33: =SUMIFS(_CALC_ALLOC!$AM$1:$AM$175,_CALC_ALLOC!$A$1:$A$175,"2026",_CALC_ALLOC!$B$1:$B$175,"MBWAY_NAN",_CALC_ALLOC!$D$1:$D$175,"BAC_MGT",_CALC_ALLOC!$E$1:$E$175,"B2",_CALC_ALLOC!$F$1:$F$175,"ALT") -> 0 | K33: =E33+F33+G33+H33+I33+J33 -> 0 | L33: =SUMIFS(_CALC_ALLOC!$AN$1:$AN$175,_CALC_ALLOC!$A$1:$A$175,"2026",_CALC_ALLOC!$B$1:$B$175,"MBWAY_NAN",_CALC_ALLOC!$D$1:$D$175,"BAC_MGT",_CALC_ALLOC!$E$1:$E$175,"B2",_CALC_ALLOC!$F$1:$F$175,"ALT") -> 0 | M33: =IFERROR(L33/D33,0) -> 0
B34: BAC_MGT B3 ALT | C34: =SUMIFS(_CALC_ALLOC!$G$1:$G$175,_CALC_ALLOC!$A$1:$A$175,"2026",_CALC_ALLOC!$B$1:$B$175,"MBWAY_NAN",_CALC_ALLOC!$D$1:$D$175,"BAC_MGT",_CALC_ALLOC!$E$1:$E$175,"B3",_CALC_ALLOC!$F$1:$F$175,"ALT") -> 0 | D34: =SUMIFS(_CALC_ALLOC!$I$1:$I$175,_CALC_ALLOC!$A$1:$A$175,"2026",_CALC_ALLOC!$B$1:$B$175,"MBWAY_NAN",_CALC_ALLOC!$D$1:$D$175,"BAC_MGT",_CALC_ALLOC!$E$1:$E$175,"B3",_CALC_ALLOC!$F$1:$F$175,"ALT") -> 0 | E34: =SUMIFS(_CALC_ALLOC!$AI$1:$AI$175,_CALC_ALLOC!$A$1:$A$175,"2026",_CALC_ALLOC!$B$1:$B$175,"MBWAY_NAN",_CALC_ALLOC!$D$1:$D$175,"BAC_MGT",_CALC_ALLOC!$E$1:$E$175,"B3",_CALC_ALLOC!$F$1:$F$175,"ALT") -> 0 | F34: =SUMIFS(_CALC_ALLOC!$AJ$1:$AJ$175,_CALC_ALLOC!$A$1:$A$175,"2026",_CALC_ALLOC!$B$1:$B$175,"MBWAY_NAN",_CALC_ALLOC!$D$1:$D$175,"BAC_MGT",_CALC_ALLOC!$E$1:$E$175,"B3",_CALC_ALLOC!$F$1:$F$175,"ALT") -> 0 | G34: =SUMIFS(_CALC_ALLOC!$AK$1:$AK$175,_CALC_ALLOC!$A$1:$A$175,"2026",_CALC_ALLOC!$B$1:$B$175,"MBWAY_NAN",_CALC_ALLOC!$D$1:$D$175,"BAC_MGT",_CALC_ALLOC!$E$1:$E$175,"B3",_CALC_ALLOC!$F$1:$F$175,"ALT") -> 0 | H34: =SUMIFS(_CALC_ALLOC!$AL$1:$AL$175,_CALC_ALLOC!$A$1:$A$175,"2026",_CALC_ALLOC!$B$1:$B$175,"MBWAY_NAN",_CALC_ALLOC!$D$1:$D$175,"BAC_MGT",_CALC_ALLOC!$E$1:$E$175,"B3",_CALC_ALLOC!$F$1:$F$175,"ALT") -> 0 | I34: =SUMIFS(_CALC_ALLOC!$AR$1:$AR$175,_CALC_ALLOC!$A$1:$A$175,"2026",_CALC_ALLOC!$B$1:$B$175,"MBWAY_NAN",_CALC_ALLOC!$D$1:$D$175,"BAC_MGT",_CALC_ALLOC!$E$1:$E$175,"B3",_CALC_ALLOC!$F$1:$F$175,"ALT") -> 0 | J34: =SUMIFS(_CALC_ALLOC!$AM$1:$AM$175,_CALC_ALLOC!$A$1:$A$175,"2026",_CALC_ALLOC!$B$1:$B$175,"MBWAY_NAN",_CALC_ALLOC!$D$1:$D$175,"BAC_MGT",_CALC_ALLOC!$E$1:$E$175,"B3",_CALC_ALLOC!$F$1:$F$175,"ALT") -> 0 | K34: =E34+F34+G34+H34+I34+J34 -> 0 | L34: =SUMIFS(_CALC_ALLOC!$AN$1:$AN$175,_CALC_ALLOC!$A$1:$A$175,"2026",_CALC_ALLOC!$B$1:$B$175,"MBWAY_NAN",_CALC_ALLOC!$D$1:$D$175,"BAC_MGT",_CALC_ALLOC!$E$1:$E$175,"B3",_CALC_ALLOC!$F$1:$F$175,"ALT") -> 0 | M34: =IFERROR(L34/D34,0) -> 0
B35: MAS_MGT M1 ALT | C35: =SUMIFS(_CALC_ALLOC!$G$1:$G$175,_CALC_ALLOC!$A$1:$A$175,"2026",_CALC_ALLOC!$B$1:$B$175,"MBWAY_NAN",_CALC_ALLOC!$D$1:$D$175,"MAS_MGT",_CALC_ALLOC!$E$1:$E$175,"M1",_CALC_ALLOC!$F$1:$F$175,"ALT") -> 0 | D35: =SUMIFS(_CALC_ALLOC!$I$1:$I$175,_CALC_ALLOC!$A$1:$A$175,"2026",_CALC_ALLOC!$B$1:$B$175,"MBWAY_NAN",_CALC_ALLOC!$D$1:$D$175,"MAS_MGT",_CALC_ALLOC!$E$1:$E$175,"M1",_CALC_ALLOC!$F$1:$F$175,"ALT") -> 0 | E35: =SUMIFS(_CALC_ALLOC!$AI$1:$AI$175,_CALC_ALLOC!$A$1:$A$175,"2026",_CALC_ALLOC!$B$1:$B$175,"MBWAY_NAN",_CALC_ALLOC!$D$1:$D$175,"MAS_MGT",_CALC_ALLOC!$E$1:$E$175,"M1",_CALC_ALLOC!$F$1:$F$175,"ALT") -> 0 | F35: =SUMIFS(_CALC_ALLOC!$AJ$1:$AJ$175,_CALC_ALLOC!$A$1:$A$175,"2026",_CALC_ALLOC!$B$1:$B$175,"MBWAY_NAN",_CALC_ALLOC!$D$1:$D$175,"MAS_MGT",_CALC_ALLOC!$E$1:$E$175,"M1",_CALC_ALLOC!$F$1:$F$175,"ALT") -> 0 | G35: =SUMIFS(_CALC_ALLOC!$AK$1:$AK$175,_CALC_ALLOC!$A$1:$A$175,"2026",_CALC_ALLOC!$B$1:$B$175,"MBWAY_NAN",_CALC_ALLOC!$D$1:$D$175,"MAS_MGT",_CALC_ALLOC!$E$1:$E$175,"M1",_CALC_ALLOC!$F$1:$F$175,"ALT") -> 0 | H35: =SUMIFS(_CALC_ALLOC!$AL$1:$AL$175,_CALC_ALLOC!$A$1:$A$175,"2026",_CALC_ALLOC!$B$1:$B$175,"MBWAY_NAN",_CALC_ALLOC!$D$1:$D$175,"MAS_MGT",_CALC_ALLOC!$E$1:$E$175,"M1",_CALC_ALLOC!$F$1:$F$175,"ALT") -> 0 | I35: =SUMIFS(_CALC_ALLOC!$AR$1:$AR$175,_CALC_ALLOC!$A$1:$A$175,"2026",_CALC_ALLOC!$B$1:$B$175,"MBWAY_NAN",_CALC_ALLOC!$D$1:$D$175,"MAS_MGT",_CALC_ALLOC!$E$1:$E$175,"M1",_CALC_ALLOC!$F$1:$F$175,"ALT") -> 0 | J35: =SUMIFS(_CALC_ALLOC!$AM$1:$AM$175,_CALC_ALLOC!$A$1:$A$175,"2026",_CALC_ALLOC!$B$1:$B$175,"MBWAY_NAN",_CALC_ALLOC!$D$1:$D$175,"MAS_MGT",_CALC_ALLOC!$E$1:$E$175,"M1",_CALC_ALLOC!$F$1:$F$175,"ALT") -> 0 | K35: =E35+F35+G35+H35+I35+J35 -> 0 | L35: =SUMIFS(_CALC_ALLOC!$AN$1:$AN$175,_CALC_ALLOC!$A$1:$A$175,"2026",_CALC_ALLOC!$B$1:$B$175,"MBWAY_NAN",_CALC_ALLOC!$D$1:$D$175,"MAS_MGT",_CALC_ALLOC!$E$1:$E$175,"M1",_CALC_ALLOC!$F$1:$F$175,"ALT") -> 0 | M35: =IFERROR(L35/D35,0) -> 0
B36: MAS_MGT M2 ALT | C36: =SUMIFS(_CALC_ALLOC!$G$1:$G$175,_CALC_ALLOC!$A$1:$A$175,"2026",_CALC_ALLOC!$B$1:$B$175,"MBWAY_NAN",_CALC_ALLOC!$D$1:$D$175,"MAS_MGT",_CALC_ALLOC!$E$1:$E$175,"M2",_CALC_ALLOC!$F$1:$F$175,"ALT") -> 0 | D36: =SUMIFS(_CALC_ALLOC!$I$1:$I$175,_CALC_ALLOC!$A$1:$A$175,"2026",_CALC_ALLOC!$B$1:$B$175,"MBWAY_NAN",_CALC_ALLOC!$D$1:$D$175,"MAS_MGT",_CALC_ALLOC!$E$1:$E$175,"M2",_CALC_ALLOC!$F$1:$F$175,"ALT") -> 0 | E36: =SUMIFS(_CALC_ALLOC!$AI$1:$AI$175,_CALC_ALLOC!$A$1:$A$175,"2026",_CALC_ALLOC!$B$1:$B$175,"MBWAY_NAN",_CALC_ALLOC!$D$1:$D$175,"MAS_MGT",_CALC_ALLOC!$E$1:$E$175,"M2",_CALC_ALLOC!$F$1:$F$175,"ALT") -> 0 | F36: =SUMIFS(_CALC_ALLOC!$AJ$1:$AJ$175,_CALC_ALLOC!$A$1:$A$175,"2026",_CALC_ALLOC!$B$1:$B$175,"MBWAY_NAN",_CALC_ALLOC!$D$1:$D$175,"MAS_MGT",_CALC_ALLOC!$E$1:$E$175,"M2",_CALC_ALLOC!$F$1:$F$175,"ALT") -> 0 | G36: =SUMIFS(_CALC_ALLOC!$AK$1:$AK$175,_CALC_ALLOC!$A$1:$A$175,"2026",_CALC_ALLOC!$B$1:$B$175,"MBWAY_NAN",_CALC_ALLOC!$D$1:$D$175,"MAS_MGT",_CALC_ALLOC!$E$1:$E$175,"M2",_CALC_ALLOC!$F$1:$F$175,"ALT") -> 0 | H36: =SUMIFS(_CALC_ALLOC!$AL$1:$AL$175,_CALC_ALLOC!$A$1:$A$175,"2026",_CALC_ALLOC!$B$1:$B$175,"MBWAY_NAN",_CALC_ALLOC!$D$1:$D$175,"MAS_MGT",_CALC_ALLOC!$E$1:$E$175,"M2",_CALC_ALLOC!$F$1:$F$175,"ALT") -> 0 | I36: =SUMIFS(_CALC_ALLOC!$AR$1:$AR$175,_CALC_ALLOC!$A$1:$A$175,"2026",_CALC_ALLOC!$B$1:$B$175,"MBWAY_NAN",_CALC_ALLOC!$D$1:$D$175,"MAS_MGT",_CALC_ALLOC!$E$1:$E$175,"M2",_CALC_ALLOC!$F$1:$F$175,"ALT") -> 0 | J36: =SUMIFS(_CALC_ALLOC!$AM$1:$AM$175,_CALC_ALLOC!$A$1:$A$175,"2026",_CALC_ALLOC!$B$1:$B$175,"MBWAY_NAN",_CALC_ALLOC!$D$1:$D$175,"MAS_MGT",_CALC_ALLOC!$E$1:$E$175,"M2",_CALC_ALLOC!$F$1:$F$175,"ALT") -> 0 | K36: =E36+F36+G36+H36+I36+J36 -> 0 | L36: =SUMIFS(_CALC_ALLOC!$AN$1:$AN$175,_CALC_ALLOC!$A$1:$A$175,"2026",_CALC_ALLOC!$B$1:$B$175,"MBWAY_NAN",_CALC_ALLOC!$D$1:$D$175,"MAS_MGT",_CALC_ALLOC!$E$1:$E$175,"M2",_CALC_ALLOC!$F$1:$F$175,"ALT") -> 0 | M36: =IFERROR(L36/D36,0) -> 0
B37: Bordeaux (MBWAY_BOR) | C37: =SUMIFS(_CALC_ALLOC!$G$1:$G$175,_CALC_ALLOC!$A$1:$A$175,"2026",_CALC_ALLOC!$B$1:$B$175,"MBWAY_BOR") -> 0 | D37: =SUMIFS(_CALC_ALLOC!$I$1:$I$175,_CALC_ALLOC!$A$1:$A$175,"2026",_CALC_ALLOC!$B$1:$B$175,"MBWAY_BOR") -> 0 | E37: =SUMIFS(_CALC_ALLOC!$AI$1:$AI$175,_CALC_ALLOC!$A$1:$A$175,"2026",_CALC_ALLOC!$B$1:$B$175,"MBWAY_BOR") -> 0 | F37: =SUMIFS(_CALC_ALLOC!$AJ$1:$AJ$175,_CALC_ALLOC!$A$1:$A$175,"2026",_CALC_ALLOC!$B$1:$B$175,"MBWAY_BOR") -> 0 | G37: =SUMIFS(_CALC_ALLOC!$AK$1:$AK$175,_CALC_ALLOC!$A$1:$A$175,"2026",_CALC_ALLOC!$B$1:$B$175,"MBWAY_BOR") -> 0 | H37: =SUMIFS(_CALC_ALLOC!$AL$1:$AL$175,_CALC_ALLOC!$A$1:$A$175,"2026",_CALC_ALLOC!$B$1:$B$175,"MBWAY_BOR") -> 0 | I37: =SUMIFS(_CALC_ALLOC!$AR$1:$AR$175,_CALC_ALLOC!$A$1:$A$175,"2026",_CALC_ALLOC!$B$1:$B$175,"MBWAY_BOR") -> 0 | J37: =SUMIFS(_CALC_ALLOC!$AM$1:$AM$175,_CALC_ALLOC!$A$1:$A$175,"2026",_CALC_ALLOC!$B$1:$B$175,"MBWAY_BOR") -> 0 | K37: =E37+F37+G37+H37+I37+J37 -> 0 | L37: =SUMIFS(_CALC_ALLOC!$AN$1:$AN$175,_CALC_ALLOC!$A$1:$A$175,"2026",_CALC_ALLOC!$B$1:$B$175,"MBWAY_BOR") -> 0 | M37: =IFERROR(L37/D37,0) -> 0
B38: BAC_MGT B1 INIT | C38: =SUMIFS(_CALC_ALLOC!$G$1:$G$175,_CALC_ALLOC!$A$1:$A$175,"2026",_CALC_ALLOC!$B$1:$B$175,"MBWAY_BOR",_CALC_ALLOC!$D$1:$D$175,"BAC_MGT",_CALC_ALLOC!$E$1:$E$175,"B1",_CALC_ALLOC!$F$1:$F$175,"INIT") -> 0 | D38: =SUMIFS(_CALC_ALLOC!$I$1:$I$175,_CALC_ALLOC!$A$1:$A$175,"2026",_CALC_ALLOC!$B$1:$B$175,"MBWAY_BOR",_CALC_ALLOC!$D$1:$D$175,"BAC_MGT",_CALC_ALLOC!$E$1:$E$175,"B1",_CALC_ALLOC!$F$1:$F$175,"INIT") -> 0 | E38: =SUMIFS(_CALC_ALLOC!$AI$1:$AI$175,_CALC_ALLOC!$A$1:$A$175,"2026",_CALC_ALLOC!$B$1:$B$175,"MBWAY_BOR",_CALC_ALLOC!$D$1:$D$175,"BAC_MGT",_CALC_ALLOC!$E$1:$E$175,"B1",_CALC_ALLOC!$F$1:$F$175,"INIT") -> 0 | F38: =SUMIFS(_CALC_ALLOC!$AJ$1:$AJ$175,_CALC_ALLOC!$A$1:$A$175,"2026",_CALC_ALLOC!$B$1:$B$175,"MBWAY_BOR",_CALC_ALLOC!$D$1:$D$175,"BAC_MGT",_CALC_ALLOC!$E$1:$E$175,"B1",_CALC_ALLOC!$F$1:$F$175,"INIT") -> 0 | G38: =SUMIFS(_CALC_ALLOC!$AK$1:$AK$175,_CALC_ALLOC!$A$1:$A$175,"2026",_CALC_ALLOC!$B$1:$B$175,"MBWAY_BOR",_CALC_ALLOC!$D$1:$D$175,"BAC_MGT",_CALC_ALLOC!$E$1:$E$175,"B1",_CALC_ALLOC!$F$1:$F$175,"INIT") -> 0 | H38: =SUMIFS(_CALC_ALLOC!$AL$1:$AL$175,_CALC_ALLOC!$A$1:$A$175,"2026",_CALC_ALLOC!$B$1:$B$175,"MBWAY_BOR",_CALC_ALLOC!$D$1:$D$175,"BAC_MGT",_CALC_ALLOC!$E$1:$E$175,"B1",_CALC_ALLOC!$F$1:$F$175,"INIT") -> 0 | I38: =SUMIFS(_CALC_ALLOC!$AR$1:$AR$175,_CALC_ALLOC!$A$1:$A$175,"2026",_CALC_ALLOC!$B$1:$B$175,"MBWAY_BOR",_CALC_ALLOC!$D$1:$D$175,"BAC_MGT",_CALC_ALLOC!$E$1:$E$175,"B1",_CALC_ALLOC!$F$1:$F$175,"INIT") -> 0 | J38: =SUMIFS(_CALC_ALLOC!$AM$1:$AM$175,_CALC_ALLOC!$A$1:$A$175,"2026",_CALC_ALLOC!$B$1:$B$175,"MBWAY_BOR",_CALC_ALLOC!$D$1:$D$175,"BAC_MGT",_CALC_ALLOC!$E$1:$E$175,"B1",_CALC_ALLOC!$F$1:$F$175,"INIT") -> 0 | K38: =E38+F38+G38+H38+I38+J38 -> 0 | L38: =SUMIFS(_CALC_ALLOC!$AN$1:$AN$175,_CALC_ALLOC!$A$1:$A$175,"2026",_CALC_ALLOC!$B$1:$B$175,"MBWAY_BOR",_CALC_ALLOC!$D$1:$D$175,"BAC_MGT",_CALC_ALLOC!$E$1:$E$175,"B1",_CALC_ALLOC!$F$1:$F$175,"INIT") -> 0 | M38: =IFERROR(L38/D38,0) -> 0
B39: BAC_MGT B2 ALT | C39: =SUMIFS(_CALC_ALLOC!$G$1:$G$175,_CALC_ALLOC!$A$1:$A$175,"2026",_CALC_ALLOC!$B$1:$B$175,"MBWAY_BOR",_CALC_ALLOC!$D$1:$D$175,"BAC_MGT",_CALC_ALLOC!$E$1:$E$175,"B2",_CALC_ALLOC!$F$1:$F$175,"ALT") -> 0 | D39: =SUMIFS(_CALC_ALLOC!$I$1:$I$175,_CALC_ALLOC!$A$1:$A$175,"2026",_CALC_ALLOC!$B$1:$B$175,"MBWAY_BOR",_CALC_ALLOC!$D$1:$D$175,"BAC_MGT",_CALC_ALLOC!$E$1:$E$175,"B2",_CALC_ALLOC!$F$1:$F$175,"ALT") -> 0 | E39: =SUMIFS(_CALC_ALLOC!$AI$1:$AI$175,_CALC_ALLOC!$A$1:$A$175,"2026",_CALC_ALLOC!$B$1:$B$175,"MBWAY_BOR",_CALC_ALLOC!$D$1:$D$175,"BAC_MGT",_CALC_ALLOC!$E$1:$E$175,"B2",_CALC_ALLOC!$F$1:$F$175,"ALT") -> 0 | F39: =SUMIFS(_CALC_ALLOC!$AJ$1:$AJ$175,_CALC_ALLOC!$A$1:$A$175,"2026",_CALC_ALLOC!$B$1:$B$175,"MBWAY_BOR",_CALC_ALLOC!$D$1:$D$175,"BAC_MGT",_CALC_ALLOC!$E$1:$E$175,"B2",_CALC_ALLOC!$F$1:$F$175,"ALT") -> 0 | G39: =SUMIFS(_CALC_ALLOC!$AK$1:$AK$175,_CALC_ALLOC!$A$1:$A$175,"2026",_CALC_ALLOC!$B$1:$B$175,"MBWAY_BOR",_CALC_ALLOC!$D$1:$D$175,"BAC_MGT",_CALC_ALLOC!$E$1:$E$175,"B2",_CALC_ALLOC!$F$1:$F$175,"ALT") -> 0 | H39: =SUMIFS(_CALC_ALLOC!$AL$1:$AL$175,_CALC_ALLOC!$A$1:$A$175,"2026",_CALC_ALLOC!$B$1:$B$175,"MBWAY_BOR",_CALC_ALLOC!$D$1:$D$175,"BAC_MGT",_CALC_ALLOC!$E$1:$E$175,"B2",_CALC_ALLOC!$F$1:$F$175,"ALT") -> 0 | I39: =SUMIFS(_CALC_ALLOC!$AR$1:$AR$175,_CALC_ALLOC!$A$1:$A$175,"2026",_CALC_ALLOC!$B$1:$B$175,"MBWAY_BOR",_CALC_ALLOC!$D$1:$D$175,"BAC_MGT",_CALC_ALLOC!$E$1:$E$175,"B2",_CALC_ALLOC!$F$1:$F$175,"ALT") -> 0 | J39: =SUMIFS(_CALC_ALLOC!$AM$1:$AM$175,_CALC_ALLOC!$A$1:$A$175,"2026",_CALC_ALLOC!$B$1:$B$175,"MBWAY_BOR",_CALC_ALLOC!$D$1:$D$175,"BAC_MGT",_CALC_ALLOC!$E$1:$E$175,"B2",_CALC_ALLOC!$F$1:$F$175,"ALT") -> 0 | K39: =E39+F39+G39+H39+I39+J39 -> 0 | L39: =SUMIFS(_CALC_ALLOC!$AN$1:$AN$175,_CALC_ALLOC!$A$1:$A$175,"2026",_CALC_ALLOC!$B$1:$B$175,"MBWAY_BOR",_CALC_ALLOC!$D$1:$D$175,"BAC_MGT",_CALC_ALLOC!$E$1:$E$175,"B2",_CALC_ALLOC!$F$1:$F$175,"ALT") -> 0 | M39: =IFERROR(L39/D39,0) -> 0
B40: BAC_MGT B3 ALT | C40: =SUMIFS(_CALC_ALLOC!$G$1:$G$175,_CALC_ALLOC!$A$1:$A$175,"2026",_CALC_ALLOC!$B$1:$B$175,"MBWAY_BOR",_CALC_ALLOC!$D$1:$D$175,"BAC_MGT",_CALC_ALLOC!$E$1:$E$175,"B3",_CALC_ALLOC!$F$1:$F$175,"ALT") -> 0 | D40: =SUMIFS(_CALC_ALLOC!$I$1:$I$175,_CALC_ALLOC!$A$1:$A$175,"2026",_CALC_ALLOC!$B$1:$B$175,"MBWAY_BOR",_CALC_ALLOC!$D$1:$D$175,"BAC_MGT",_CALC_ALLOC!$E$1:$E$175,"B3",_CALC_ALLOC!$F$1:$F$175,"ALT") -> 0 | E40: =SUMIFS(_CALC_ALLOC!$AI$1:$AI$175,_CALC_ALLOC!$A$1:$A$175,"2026",_CALC_ALLOC!$B$1:$B$175,"MBWAY_BOR",_CALC_ALLOC!$D$1:$D$175,"BAC_MGT",_CALC_ALLOC!$E$1:$E$175,"B3",_CALC_ALLOC!$F$1:$F$175,"ALT") -> 0 | F40: =SUMIFS(_CALC_ALLOC!$AJ$1:$AJ$175,_CALC_ALLOC!$A$1:$A$175,"2026",_CALC_ALLOC!$B$1:$B$175,"MBWAY_BOR",_CALC_ALLOC!$D$1:$D$175,"BAC_MGT",_CALC_ALLOC!$E$1:$E$175,"B3",_CALC_ALLOC!$F$1:$F$175,"ALT") -> 0 | G40: =SUMIFS(_CALC_ALLOC!$AK$1:$AK$175,_CALC_ALLOC!$A$1:$A$175,"2026",_CALC_ALLOC!$B$1:$B$175,"MBWAY_BOR",_CALC_ALLOC!$D$1:$D$175,"BAC_MGT",_CALC_ALLOC!$E$1:$E$175,"B3",_CALC_ALLOC!$F$1:$F$175,"ALT") -> 0 | H40: =SUMIFS(_CALC_ALLOC!$AL$1:$AL$175,_CALC_ALLOC!$A$1:$A$175,"2026",_CALC_ALLOC!$B$1:$B$175,"MBWAY_BOR",_CALC_ALLOC!$D$1:$D$175,"BAC_MGT",_CALC_ALLOC!$E$1:$E$175,"B3",_CALC_ALLOC!$F$1:$F$175,"ALT") -> 0 | I40: =SUMIFS(_CALC_ALLOC!$AR$1:$AR$175,_CALC_ALLOC!$A$1:$A$175,"2026",_CALC_ALLOC!$B$1:$B$175,"MBWAY_BOR",_CALC_ALLOC!$D$1:$D$175,"BAC_MGT",_CALC_ALLOC!$E$1:$E$175,"B3",_CALC_ALLOC!$F$1:$F$175,"ALT") -> 0 | J40: =SUMIFS(_CALC_ALLOC!$AM$1:$AM$175,_CALC_ALLOC!$A$1:$A$175,"2026",_CALC_ALLOC!$B$1:$B$175,"MBWAY_BOR",_CALC_ALLOC!$D$1:$D$175,"BAC_MGT",_CALC_ALLOC!$E$1:$E$175,"B3",_CALC_ALLOC!$F$1:$F$175,"ALT") -> 0 | K40: =E40+F40+G40+H40+I40+J40 -> 0 | L40: =SUMIFS(_CALC_ALLOC!$AN$1:$AN$175,_CALC_ALLOC!$A$1:$A$175,"2026",_CALC_ALLOC!$B$1:$B$175,"MBWAY_BOR",_CALC_ALLOC!$D$1:$D$175,"BAC_MGT",_CALC_ALLOC!$E$1:$E$175,"B3",_CALC_ALLOC!$F$1:$F$175,"ALT") -> 0 | M40: =IFERROR(L40/D40,0) -> 0
B41: MAS_MGT M1 ALT | C41: =SUMIFS(_CALC_ALLOC!$G$1:$G$175,_CALC_ALLOC!$A$1:$A$175,"2026",_CALC_ALLOC!$B$1:$B$175,"MBWAY_BOR",_CALC_ALLOC!$D$1:$D$175,"MAS_MGT",_CALC_ALLOC!$E$1:$E$175,"M1",_CALC_ALLOC!$F$1:$F$175,"ALT") -> 0 | D41: =SUMIFS(_CALC_ALLOC!$I$1:$I$175,_CALC_ALLOC!$A$1:$A$175,"2026",_CALC_ALLOC!$B$1:$B$175,"MBWAY_BOR",_CALC_ALLOC!$D$1:$D$175,"MAS_MGT",_CALC_ALLOC!$E$1:$E$175,"M1",_CALC_ALLOC!$F$1:$F$175,"ALT") -> 0 | E41: =SUMIFS(_CALC_ALLOC!$AI$1:$AI$175,_CALC_ALLOC!$A$1:$A$175,"2026",_CALC_ALLOC!$B$1:$B$175,"MBWAY_BOR",_CALC_ALLOC!$D$1:$D$175,"MAS_MGT",_CALC_ALLOC!$E$1:$E$175,"M1",_CALC_ALLOC!$F$1:$F$175,"ALT") -> 0 | F41: =SUMIFS(_CALC_ALLOC!$AJ$1:$AJ$175,_CALC_ALLOC!$A$1:$A$175,"2026",_CALC_ALLOC!$B$1:$B$175,"MBWAY_BOR",_CALC_ALLOC!$D$1:$D$175,"MAS_MGT",_CALC_ALLOC!$E$1:$E$175,"M1",_CALC_ALLOC!$F$1:$F$175,"ALT") -> 0 | G41: =SUMIFS(_CALC_ALLOC!$AK$1:$AK$175,_CALC_ALLOC!$A$1:$A$175,"2026",_CALC_ALLOC!$B$1:$B$175,"MBWAY_BOR",_CALC_ALLOC!$D$1:$D$175,"MAS_MGT",_CALC_ALLOC!$E$1:$E$175,"M1",_CALC_ALLOC!$F$1:$F$175,"ALT") -> 0 | H41: =SUMIFS(_CALC_ALLOC!$AL$1:$AL$175,_CALC_ALLOC!$A$1:$A$175,"2026",_CALC_ALLOC!$B$1:$B$175,"MBWAY_BOR",_CALC_ALLOC!$D$1:$D$175,"MAS_MGT",_CALC_ALLOC!$E$1:$E$175,"M1",_CALC_ALLOC!$F$1:$F$175,"ALT") -> 0 | I41: =SUMIFS(_CALC_ALLOC!$AR$1:$AR$175,_CALC_ALLOC!$A$1:$A$175,"2026",_CALC_ALLOC!$B$1:$B$175,"MBWAY_BOR",_CALC_ALLOC!$D$1:$D$175,"MAS_MGT",_CALC_ALLOC!$E$1:$E$175,"M1",_CALC_ALLOC!$F$1:$F$175,"ALT") -> 0 | J41: =SUMIFS(_CALC_ALLOC!$AM$1:$AM$175,_CALC_ALLOC!$A$1:$A$175,"2026",_CALC_ALLOC!$B$1:$B$175,"MBWAY_BOR",_CALC_ALLOC!$D$1:$D$175,"MAS_MGT",_CALC_ALLOC!$E$1:$E$175,"M1",_CALC_ALLOC!$F$1:$F$175,"ALT") -> 0 | K41: =E41+F41+G41+H41+I41+J41 -> 0 | L41: =SUMIFS(_CALC_ALLOC!$AN$1:$AN$175,_CALC_ALLOC!$A$1:$A$175,"2026",_CALC_ALLOC!$B$1:$B$175,"MBWAY_BOR",_CALC_ALLOC!$D$1:$D$175,"MAS_MGT",_CALC_ALLOC!$E$1:$E$175,"M1",_CALC_ALLOC!$F$1:$F$175,"ALT") -> 0 | M41: =IFERROR(L41/D41,0) -> 0
B42: MAS_MGT M2 ALT | C42: =SUMIFS(_CALC_ALLOC!$G$1:$G$175,_CALC_ALLOC!$A$1:$A$175,"2026",_CALC_ALLOC!$B$1:$B$175,"MBWAY_BOR",_CALC_ALLOC!$D$1:$D$175,"MAS_MGT",_CALC_ALLOC!$E$1:$E$175,"M2",_CALC_ALLOC!$F$1:$F$175,"ALT") -> 0 | D42: =SUMIFS(_CALC_ALLOC!$I$1:$I$175,_CALC_ALLOC!$A$1:$A$175,"2026",_CALC_ALLOC!$B$1:$B$175,"MBWAY_BOR",_CALC_ALLOC!$D$1:$D$175,"MAS_MGT",_CALC_ALLOC!$E$1:$E$175,"M2",_CALC_ALLOC!$F$1:$F$175,"ALT") -> 0 | E42: =SUMIFS(_CALC_ALLOC!$AI$1:$AI$175,_CALC_ALLOC!$A$1:$A$175,"2026",_CALC_ALLOC!$B$1:$B$175,"MBWAY_BOR",_CALC_ALLOC!$D$1:$D$175,"MAS_MGT",_CALC_ALLOC!$E$1:$E$175,"M2",_CALC_ALLOC!$F$1:$F$175,"ALT") -> 0 | F42: =SUMIFS(_CALC_ALLOC!$AJ$1:$AJ$175,_CALC_ALLOC!$A$1:$A$175,"2026",_CALC_ALLOC!$B$1:$B$175,"MBWAY_BOR",_CALC_ALLOC!$D$1:$D$175,"MAS_MGT",_CALC_ALLOC!$E$1:$E$175,"M2",_CALC_ALLOC!$F$1:$F$175,"ALT") -> 0 | G42: =SUMIFS(_CALC_ALLOC!$AK$1:$AK$175,_CALC_ALLOC!$A$1:$A$175,"2026",_CALC_ALLOC!$B$1:$B$175,"MBWAY_BOR",_CALC_ALLOC!$D$1:$D$175,"MAS_MGT",_CALC_ALLOC!$E$1:$E$175,"M2",_CALC_ALLOC!$F$1:$F$175,"ALT") -> 0 | H42: =SUMIFS(_CALC_ALLOC!$AL$1:$AL$175,_CALC_ALLOC!$A$1:$A$175,"2026",_CALC_ALLOC!$B$1:$B$175,"MBWAY_BOR",_CALC_ALLOC!$D$1:$D$175,"MAS_MGT",_CALC_ALLOC!$E$1:$E$175,"M2",_CALC_ALLOC!$F$1:$F$175,"ALT") -> 0 | I42: =SUMIFS(_CALC_ALLOC!$AR$1:$AR$175,_CALC_ALLOC!$A$1:$A$175,"2026",_CALC_ALLOC!$B$1:$B$175,"MBWAY_BOR",_CALC_ALLOC!$D$1:$D$175,"MAS_MGT",_CALC_ALLOC!$E$1:$E$175,"M2",_CALC_ALLOC!$F$1:$F$175,"ALT") -> 0 | J42: =SUMIFS(_CALC_ALLOC!$AM$1:$AM$175,_CALC_ALLOC!$A$1:$A$175,"2026",_CALC_ALLOC!$B$1:$B$175,"MBWAY_BOR",_CALC_ALLOC!$D$1:$D$175,"MAS_MGT",_CALC_ALLOC!$E$1:$E$175,"M2",_CALC_ALLOC!$F$1:$F$175,"ALT") -> 0 | K42: =E42+F42+G42+H42+I42+J42 -> 0 | L42: =SUMIFS(_CALC_ALLOC!$AN$1:$AN$175,_CALC_ALLOC!$A$1:$A$175,"2026",_CALC_ALLOC!$B$1:$B$175,"MBWAY_BOR",_CALC_ALLOC!$D$1:$D$175,"MAS_MGT",_CALC_ALLOC!$E$1:$E$175,"M2",_CALC_ALLOC!$F$1:$F$175,"ALT") -> 0 | M42: =IFERROR(L42/D42,0) -> 0
B43: ISCOM | C43: =SUMIFS(_CALC_ALLOC!$G$1:$G$175,_CALC_ALLOC!$A$1:$A$175,"2026",_CALC_ALLOC!$C$1:$C$175,"ISCOM") -> 0 | D43: =SUMIFS(_CALC_ALLOC!$I$1:$I$175,_CALC_ALLOC!$A$1:$A$175,"2026",_CALC_ALLOC!$C$1:$C$175,"ISCOM") -> 0 | E43: =SUMIFS(_CALC_ALLOC!$AI$1:$AI$175,_CALC_ALLOC!$A$1:$A$175,"2026",_CALC_ALLOC!$C$1:$C$175,"ISCOM") -> 0 | F43: =SUMIFS(_CALC_ALLOC!$AJ$1:$AJ$175,_CALC_ALLOC!$A$1:$A$175,"2026",_CALC_ALLOC!$C$1:$C$175,"ISCOM") -> 0 | G43: =SUMIFS(_CALC_ALLOC!$AK$1:$AK$175,_CALC_ALLOC!$A$1:$A$175,"2026",_CALC_ALLOC!$C$1:$C$175,"ISCOM") -> 0 | H43: =SUMIFS(_CALC_ALLOC!$AL$1:$AL$175,_CALC_ALLOC!$A$1:$A$175,"2026",_CALC_ALLOC!$C$1:$C$175,"ISCOM") -> 0 | I43: =SUMIFS(_CALC_ALLOC!$AR$1:$AR$175,_CALC_ALLOC!$A$1:$A$175,"2026",_CALC_ALLOC!$C$1:$C$175,"ISCOM") -> 0 | J43: =SUMIFS(_CALC_ALLOC!$AM$1:$AM$175,_CALC_ALLOC!$A$1:$A$175,"2026",_CALC_ALLOC!$C$1:$C$175,"ISCOM") -> 0 | K43: =E43+F43+G43+H43+I43+J43 -> 0 | L43: =SUMIFS(_CALC_ALLOC!$AN$1:$AN$175,_CALC_ALLOC!$A$1:$A$175,"2026",_CALC_ALLOC!$C$1:$C$175,"ISCOM") -> 0 | M43: =IFERROR(L43/D43,0) -> 0
B44: Paris (ISCOM_PAR) | C44: =SUMIFS(_CALC_ALLOC!$G$1:$G$175,_CALC_ALLOC!$A$1:$A$175,"2026",_CALC_ALLOC!$B$1:$B$175,"ISCOM_PAR") -> 0 | D44: =SUMIFS(_CALC_ALLOC!$I$1:$I$175,_CALC_ALLOC!$A$1:$A$175,"2026",_CALC_ALLOC!$B$1:$B$175,"ISCOM_PAR") -> 0 | E44: =SUMIFS(_CALC_ALLOC!$AI$1:$AI$175,_CALC_ALLOC!$A$1:$A$175,"2026",_CALC_ALLOC!$B$1:$B$175,"ISCOM_PAR") -> 0 | F44: =SUMIFS(_CALC_ALLOC!$AJ$1:$AJ$175,_CALC_ALLOC!$A$1:$A$175,"2026",_CALC_ALLOC!$B$1:$B$175,"ISCOM_PAR") -> 0 | G44: =SUMIFS(_CALC_ALLOC!$AK$1:$AK$175,_CALC_ALLOC!$A$1:$A$175,"2026",_CALC_ALLOC!$B$1:$B$175,"ISCOM_PAR") -> 0 | H44: =SUMIFS(_CALC_ALLOC!$AL$1:$AL$175,_CALC_ALLOC!$A$1:$A$175,"2026",_CALC_ALLOC!$B$1:$B$175,"ISCOM_PAR") -> 0 | I44: =SUMIFS(_CALC_ALLOC!$AR$1:$AR$175,_CALC_ALLOC!$A$1:$A$175,"2026",_CALC_ALLOC!$B$1:$B$175,"ISCOM_PAR") -> 0 | J44: =SUMIFS(_CALC_ALLOC!$AM$1:$AM$175,_CALC_ALLOC!$A$1:$A$175,"2026",_CALC_ALLOC!$B$1:$B$175,"ISCOM_PAR") -> 0 | K44: =E44+F44+G44+H44+I44+J44 -> 0 | L44: =SUMIFS(_CALC_ALLOC!$AN$1:$AN$175,_CALC_ALLOC!$A$1:$A$175,"2026",_CALC_ALLOC!$B$1:$B$175,"ISCOM_PAR") -> 0 | M44: =IFERROR(L44/D44,0) -> 0
B45: BAC_COM B1 INIT | C45: =SUMIFS(_CALC_ALLOC!$G$1:$G$175,_CALC_ALLOC!$A$1:$A$175,"2026",_CALC_ALLOC!$B$1:$B$175,"ISCOM_PAR",_CALC_ALLOC!$D$1:$D$175,"BAC_COM",_CALC_ALLOC!$E$1:$E$175,"B1",_CALC_ALLOC!$F$1:$F$175,"INIT") -> 0 | D45: =SUMIFS(_CALC_ALLOC!$I$1:$I$175,_CALC_ALLOC!$A$1:$A$175,"2026",_CALC_ALLOC!$B$1:$B$175,"ISCOM_PAR",_CALC_ALLOC!$D$1:$D$175,"BAC_COM",_CALC_ALLOC!$E$1:$E$175,"B1",_CALC_ALLOC!$F$1:$F$175,"INIT") -> 0 | E45: =SUMIFS(_CALC_ALLOC!$AI$1:$AI$175,_CALC_ALLOC!$A$1:$A$175,"2026",_CALC_ALLOC!$B$1:$B$175,"ISCOM_PAR",_CALC_ALLOC!$D$1:$D$175,"BAC_COM",_CALC_ALLOC!$E$1:$E$175,"B1",_CALC_ALLOC!$F$1:$F$175,"INIT") -> 0 | F45: =SUMIFS(_CALC_ALLOC!$AJ$1:$AJ$175,_CALC_ALLOC!$A$1:$A$175,"2026",_CALC_ALLOC!$B$1:$B$175,"ISCOM_PAR",_CALC_ALLOC!$D$1:$D$175,"BAC_COM",_CALC_ALLOC!$E$1:$E$175,"B1",_CALC_ALLOC!$F$1:$F$175,"INIT") -> 0 | G45: =SUMIFS(_CALC_ALLOC!$AK$1:$AK$175,_CALC_ALLOC!$A$1:$A$175,"2026",_CALC_ALLOC!$B$1:$B$175,"ISCOM_PAR",_CALC_ALLOC!$D$1:$D$175,"BAC_COM",_CALC_ALLOC!$E$1:$E$175,"B1",_CALC_ALLOC!$F$1:$F$175,"INIT") -> 0 | H45: =SUMIFS(_CALC_ALLOC!$AL$1:$AL$175,_CALC_ALLOC!$A$1:$A$175,"2026",_CALC_ALLOC!$B$1:$B$175,"ISCOM_PAR",_CALC_ALLOC!$D$1:$D$175,"BAC_COM",_CALC_ALLOC!$E$1:$E$175,"B1",_CALC_ALLOC!$F$1:$F$175,"INIT") -> 0 | I45: =SUMIFS(_CALC_ALLOC!$AR$1:$AR$175,_CALC_ALLOC!$A$1:$A$175,"2026",_CALC_ALLOC!$B$1:$B$175,"ISCOM_PAR",_CALC_ALLOC!$D$1:$D$175,"BAC_COM",_CALC_ALLOC!$E$1:$E$175,"B1",_CALC_ALLOC!$F$1:$F$175,"INIT") -> 0 | J45: =SUMIFS(_CALC_ALLOC!$AM$1:$AM$175,_CALC_ALLOC!$A$1:$A$175,"2026",_CALC_ALLOC!$B$1:$B$175,"ISCOM_PAR",_CALC_ALLOC!$D$1:$D$175,"BAC_COM",_CALC_ALLOC!$E$1:$E$175,"B1",_CALC_ALLOC!$F$1:$F$175,"INIT") -> 0 | K45: =E45+F45+G45+H45+I45+J45 -> 0 | L45: =SUMIFS(_CALC_ALLOC!$AN$1:$AN$175,_CALC_ALLOC!$A$1:$A$175,"2026",_CALC_ALLOC!$B$1:$B$175,"ISCOM_PAR",_CALC_ALLOC!$D$1:$D$175,"BAC_COM",_CALC_ALLOC!$E$1:$E$175,"B1",_CALC_ALLOC!$F$1:$F$175,"INIT") -> 0 | M45: =IFERROR(L45/D45,0) -> 0
B46: BAC_COM B2 ALT | C46: =SUMIFS(_CALC_ALLOC!$G$1:$G$175,_CALC_ALLOC!$A$1:$A$175,"2026",_CALC_ALLOC!$B$1:$B$175,"ISCOM_PAR",_CALC_ALLOC!$D$1:$D$175,"BAC_COM",_CALC_ALLOC!$E$1:$E$175,"B2",_CALC_ALLOC!$F$1:$F$175,"ALT") -> 0 | D46: =SUMIFS(_CALC_ALLOC!$I$1:$I$175,_CALC_ALLOC!$A$1:$A$175,"2026",_CALC_ALLOC!$B$1:$B$175,"ISCOM_PAR",_CALC_ALLOC!$D$1:$D$175,"BAC_COM",_CALC_ALLOC!$E$1:$E$175,"B2",_CALC_ALLOC!$F$1:$F$175,"ALT") -> 0 | E46: =SUMIFS(_CALC_ALLOC!$AI$1:$AI$175,_CALC_ALLOC!$A$1:$A$175,"2026",_CALC_ALLOC!$B$1:$B$175,"ISCOM_PAR",_CALC_ALLOC!$D$1:$D$175,"BAC_COM",_CALC_ALLOC!$E$1:$E$175,"B2",_CALC_ALLOC!$F$1:$F$175,"ALT") -> 0 | F46: =SUMIFS(_CALC_ALLOC!$AJ$1:$AJ$175,_CALC_ALLOC!$A$1:$A$175,"2026",_CALC_ALLOC!$B$1:$B$175,"ISCOM_PAR",_CALC_ALLOC!$D$1:$D$175,"BAC_COM",_CALC_ALLOC!$E$1:$E$175,"B2",_CALC_ALLOC!$F$1:$F$175,"ALT") -> 0 | G46: =SUMIFS(_CALC_ALLOC!$AK$1:$AK$175,_CALC_ALLOC!$A$1:$A$175,"2026",_CALC_ALLOC!$B$1:$B$175,"ISCOM_PAR",_CALC_ALLOC!$D$1:$D$175,"BAC_COM",_CALC_ALLOC!$E$1:$E$175,"B2",_CALC_ALLOC!$F$1:$F$175,"ALT") -> 0 | H46: =SUMIFS(_CALC_ALLOC!$AL$1:$AL$175,_CALC_ALLOC!$A$1:$A$175,"2026",_CALC_ALLOC!$B$1:$B$175,"ISCOM_PAR",_CALC_ALLOC!$D$1:$D$175,"BAC_COM",_CALC_ALLOC!$E$1:$E$175,"B2",_CALC_ALLOC!$F$1:$F$175,"ALT") -> 0 | I46: =SUMIFS(_CALC_ALLOC!$AR$1:$AR$175,_CALC_ALLOC!$A$1:$A$175,"2026",_CALC_ALLOC!$B$1:$B$175,"ISCOM_PAR",_CALC_ALLOC!$D$1:$D$175,"BAC_COM",_CALC_ALLOC!$E$1:$E$175,"B2",_CALC_ALLOC!$F$1:$F$175,"ALT") -> 0 | J46: =SUMIFS(_CALC_ALLOC!$AM$1:$AM$175,_CALC_ALLOC!$A$1:$A$175,"2026",_CALC_ALLOC!$B$1:$B$175,"ISCOM_PAR",_CALC_ALLOC!$D$1:$D$175,"BAC_COM",_CALC_ALLOC!$E$1:$E$175,"B2",_CALC_ALLOC!$F$1:$F$175,"ALT") -> 0 | K46: =E46+F46+G46+H46+I46+J46 -> 0 | L46: =SUMIFS(_CALC_ALLOC!$AN$1:$AN$175,_CALC_ALLOC!$A$1:$A$175,"2026",_CALC_ALLOC!$B$1:$B$175,"ISCOM_PAR",_CALC_ALLOC!$D$1:$D$175,"BAC_COM",_CALC_ALLOC!$E$1:$E$175,"B2",_CALC_ALLOC!$F$1:$F$175,"ALT") -> 0 | M46: =IFERROR(L46/D46,0) -> 0
B47: BAC_COM B3 ALT | C47: =SUMIFS(_CALC_ALLOC!$G$1:$G$175,_CALC_ALLOC!$A$1:$A$175,"2026",_CALC_ALLOC!$B$1:$B$175,"ISCOM_PAR",_CALC_ALLOC!$D$1:$D$175,"BAC_COM",_CALC_ALLOC!$E$1:$E$175,"B3",_CALC_ALLOC!$F$1:$F$175,"ALT") -> 0 | D47: =SUMIFS(_CALC_ALLOC!$I$1:$I$175,_CALC_ALLOC!$A$1:$A$175,"2026",_CALC_ALLOC!$B$1:$B$175,"ISCOM_PAR",_CALC_ALLOC!$D$1:$D$175,"BAC_COM",_CALC_ALLOC!$E$1:$E$175,"B3",_CALC_ALLOC!$F$1:$F$175,"ALT") -> 0 | E47: =SUMIFS(_CALC_ALLOC!$AI$1:$AI$175,_CALC_ALLOC!$A$1:$A$175,"2026",_CALC_ALLOC!$B$1:$B$175,"ISCOM_PAR",_CALC_ALLOC!$D$1:$D$175,"BAC_COM",_CALC_ALLOC!$E$1:$E$175,"B3",_CALC_ALLOC!$F$1:$F$175,"ALT") -> 0 | F47: =SUMIFS(_CALC_ALLOC!$AJ$1:$AJ$175,_CALC_ALLOC!$A$1:$A$175,"2026",_CALC_ALLOC!$B$1:$B$175,"ISCOM_PAR",_CALC_ALLOC!$D$1:$D$175,"BAC_COM",_CALC_ALLOC!$E$1:$E$175,"B3",_CALC_ALLOC!$F$1:$F$175,"ALT") -> 0 | G47: =SUMIFS(_CALC_ALLOC!$AK$1:$AK$175,_CALC_ALLOC!$A$1:$A$175,"2026",_CALC_ALLOC!$B$1:$B$175,"ISCOM_PAR",_CALC_ALLOC!$D$1:$D$175,"BAC_COM",_CALC_ALLOC!$E$1:$E$175,"B3",_CALC_ALLOC!$F$1:$F$175,"ALT") -> 0 | H47: =SUMIFS(_CALC_ALLOC!$AL$1:$AL$175,_CALC_ALLOC!$A$1:$A$175,"2026",_CALC_ALLOC!$B$1:$B$175,"ISCOM_PAR",_CALC_ALLOC!$D$1:$D$175,"BAC_COM",_CALC_ALLOC!$E$1:$E$175,"B3",_CALC_ALLOC!$F$1:$F$175,"ALT") -> 0 | I47: =SUMIFS(_CALC_ALLOC!$AR$1:$AR$175,_CALC_ALLOC!$A$1:$A$175,"2026",_CALC_ALLOC!$B$1:$B$175,"ISCOM_PAR",_CALC_ALLOC!$D$1:$D$175,"BAC_COM",_CALC_ALLOC!$E$1:$E$175,"B3",_CALC_ALLOC!$F$1:$F$175,"ALT") -> 0 | J47: =SUMIFS(_CALC_ALLOC!$AM$1:$AM$175,_CALC_ALLOC!$A$1:$A$175,"2026",_CALC_ALLOC!$B$1:$B$175,"ISCOM_PAR",_CALC_ALLOC!$D$1:$D$175,"BAC_COM",_CALC_ALLOC!$E$1:$E$175,"B3",_CALC_ALLOC!$F$1:$F$175,"ALT") -> 0 | K47: =E47+F47+G47+H47+I47+J47 -> 0 | L47: =SUMIFS(_CALC_ALLOC!$AN$1:$AN$175,_CALC_ALLOC!$A$1:$A$175,"2026",_CALC_ALLOC!$B$1:$B$175,"ISCOM_PAR",_CALC_ALLOC!$D$1:$D$175,"BAC_COM",_CALC_ALLOC!$E$1:$E$175,"B3",_CALC_ALLOC!$F$1:$F$175,"ALT") -> 0 | M47: =IFERROR(L47/D47,0) -> 0
B48: MAS_COM M1 ALT | C48: =SUMIFS(_CALC_ALLOC!$G$1:$G$175,_CALC_ALLOC!$A$1:$A$175,"2026",_CALC_ALLOC!$B$1:$B$175,"ISCOM_PAR",_CALC_ALLOC!$D$1:$D$175,"MAS_COM",_CALC_ALLOC!$E$1:$E$175,"M1",_CALC_ALLOC!$F$1:$F$175,"ALT") -> 0 | D48: =SUMIFS(_CALC_ALLOC!$I$1:$I$175,_CALC_ALLOC!$A$1:$A$175,"2026",_CALC_ALLOC!$B$1:$B$175,"ISCOM_PAR",_CALC_ALLOC!$D$1:$D$175,"MAS_COM",_CALC_ALLOC!$E$1:$E$175,"M1",_CALC_ALLOC!$F$1:$F$175,"ALT") -> 0 | E48: =SUMIFS(_CALC_ALLOC!$AI$1:$AI$175,_CALC_ALLOC!$A$1:$A$175,"2026",_CALC_ALLOC!$B$1:$B$175,"ISCOM_PAR",_CALC_ALLOC!$D$1:$D$175,"MAS_COM",_CALC_ALLOC!$E$1:$E$175,"M1",_CALC_ALLOC!$F$1:$F$175,"ALT") -> 0 | F48: =SUMIFS(_CALC_ALLOC!$AJ$1:$AJ$175,_CALC_ALLOC!$A$1:$A$175,"2026",_CALC_ALLOC!$B$1:$B$175,"ISCOM_PAR",_CALC_ALLOC!$D$1:$D$175,"MAS_COM",_CALC_ALLOC!$E$1:$E$175,"M1",_CALC_ALLOC!$F$1:$F$175,"ALT") -> 0 | G48: =SUMIFS(_CALC_ALLOC!$AK$1:$AK$175,_CALC_ALLOC!$A$1:$A$175,"2026",_CALC_ALLOC!$B$1:$B$175,"ISCOM_PAR",_CALC_ALLOC!$D$1:$D$175,"MAS_COM",_CALC_ALLOC!$E$1:$E$175,"M1",_CALC_ALLOC!$F$1:$F$175,"ALT") -> 0 | H48: =SUMIFS(_CALC_ALLOC!$AL$1:$AL$175,_CALC_ALLOC!$A$1:$A$175,"2026",_CALC_ALLOC!$B$1:$B$175,"ISCOM_PAR",_CALC_ALLOC!$D$1:$D$175,"MAS_COM",_CALC_ALLOC!$E$1:$E$175,"M1",_CALC_ALLOC!$F$1:$F$175,"ALT") -> 0 | I48: =SUMIFS(_CALC_ALLOC!$AR$1:$AR$175,_CALC_ALLOC!$A$1:$A$175,"2026",_CALC_ALLOC!$B$1:$B$175,"ISCOM_PAR",_CALC_ALLOC!$D$1:$D$175,"MAS_COM",_CALC_ALLOC!$E$1:$E$175,"M1",_CALC_ALLOC!$F$1:$F$175,"ALT") -> 0 | J48: =SUMIFS(_CALC_ALLOC!$AM$1:$AM$175,_CALC_ALLOC!$A$1:$A$175,"2026",_CALC_ALLOC!$B$1:$B$175,"ISCOM_PAR",_CALC_ALLOC!$D$1:$D$175,"MAS_COM",_CALC_ALLOC!$E$1:$E$175,"M1",_CALC_ALLOC!$F$1:$F$175,"ALT") -> 0 | K48: =E48+F48+G48+H48+I48+J48 -> 0 | L48: =SUMIFS(_CALC_ALLOC!$AN$1:$AN$175,_CALC_ALLOC!$A$1:$A$175,"2026",_CALC_ALLOC!$B$1:$B$175,"ISCOM_PAR",_CALC_ALLOC!$D$1:$D$175,"MAS_COM",_CALC_ALLOC!$E$1:$E$175,"M1",_CALC_ALLOC!$F$1:$F$175,"ALT") -> 0 | M48: =IFERROR(L48/D48,0) -> 0
B49: MAS_COM M2 ALT | C49: =SUMIFS(_CALC_ALLOC!$G$1:$G$175,_CALC_ALLOC!$A$1:$A$175,"2026",_CALC_ALLOC!$B$1:$B$175,"ISCOM_PAR",_CALC_ALLOC!$D$1:$D$175,"MAS_COM",_CALC_ALLOC!$E$1:$E$175,"M2",_CALC_ALLOC!$F$1:$F$175,"ALT") -> 0 | D49: =SUMIFS(_CALC_ALLOC!$I$1:$I$175,_CALC_ALLOC!$A$1:$A$175,"2026",_CALC_ALLOC!$B$1:$B$175,"ISCOM_PAR",_CALC_ALLOC!$D$1:$D$175,"MAS_COM",_CALC_ALLOC!$E$1:$E$175,"M2",_CALC_ALLOC!$F$1:$F$175,"ALT") -> 0 | E49: =SUMIFS(_CALC_ALLOC!$AI$1:$AI$175,_CALC_ALLOC!$A$1:$A$175,"2026",_CALC_ALLOC!$B$1:$B$175,"ISCOM_PAR",_CALC_ALLOC!$D$1:$D$175,"MAS_COM",_CALC_ALLOC!$E$1:$E$175,"M2",_CALC_ALLOC!$F$1:$F$175,"ALT") -> 0 | F49: =SUMIFS(_CALC_ALLOC!$AJ$1:$AJ$175,_CALC_ALLOC!$A$1:$A$175,"2026",_CALC_ALLOC!$B$1:$B$175,"ISCOM_PAR",_CALC_ALLOC!$D$1:$D$175,"MAS_COM",_CALC_ALLOC!$E$1:$E$175,"M2",_CALC_ALLOC!$F$1:$F$175,"ALT") -> 0 | G49: =SUMIFS(_CALC_ALLOC!$AK$1:$AK$175,_CALC_ALLOC!$A$1:$A$175,"2026",_CALC_ALLOC!$B$1:$B$175,"ISCOM_PAR",_CALC_ALLOC!$D$1:$D$175,"MAS_COM",_CALC_ALLOC!$E$1:$E$175,"M2",_CALC_ALLOC!$F$1:$F$175,"ALT") -> 0 | H49: =SUMIFS(_CALC_ALLOC!$AL$1:$AL$175,_CALC_ALLOC!$A$1:$A$175,"2026",_CALC_ALLOC!$B$1:$B$175,"ISCOM_PAR",_CALC_ALLOC!$D$1:$D$175,"MAS_COM",_CALC_ALLOC!$E$1:$E$175,"M2",_CALC_ALLOC!$F$1:$F$175,"ALT") -> 0 | I49: =SUMIFS(_CALC_ALLOC!$AR$1:$AR$175,_CALC_ALLOC!$A$1:$A$175,"2026",_CALC_ALLOC!$B$1:$B$175,"ISCOM_PAR",_CALC_ALLOC!$D$1:$D$175,"MAS_COM",_CALC_ALLOC!$E$1:$E$175,"M2",_CALC_ALLOC!$F$1:$F$175,"ALT") -> 0 | J49: =SUMIFS(_CALC_ALLOC!$AM$1:$AM$175,_CALC_ALLOC!$A$1:$A$175,"2026",_CALC_ALLOC!$B$1:$B$175,"ISCOM_PAR",_CALC_ALLOC!$D$1:$D$175,"MAS_COM",_CALC_ALLOC!$E$1:$E$175,"M2",_CALC_ALLOC!$F$1:$F$175,"ALT") -> 0 | K49: =E49+F49+G49+H49+I49+J49 -> 0 | L49: =SUMIFS(_CALC_ALLOC!$AN$1:$AN$175,_CALC_ALLOC!$A$1:$A$175,"2026",_CALC_ALLOC!$B$1:$B$175,"ISCOM_PAR",_CALC_ALLOC!$D$1:$D$175,"MAS_COM",_CALC_ALLOC!$E$1:$E$175,"M2",_CALC_ALLOC!$F$1:$F$175,"ALT") -> 0 | M49: =IFERROR(L49/D49,0) -> 0
B50: Lille (ISCOM_LIL) | C50: =SUMIFS(_CALC_ALLOC!$G$1:$G$175,_CALC_ALLOC!$A$1:$A$175,"2026",_CALC_ALLOC!$B$1:$B$175,"ISCOM_LIL") -> 0 | D50: =SUMIFS(_CALC_ALLOC!$I$1:$I$175,_CALC_ALLOC!$A$1:$A$175,"2026",_CALC_ALLOC!$B$1:$B$175,"ISCOM_LIL") -> 0 | E50: =SUMIFS(_CALC_ALLOC!$AI$1:$AI$175,_CALC_ALLOC!$A$1:$A$175,"2026",_CALC_ALLOC!$B$1:$B$175,"ISCOM_LIL") -> 0 | F50: =SUMIFS(_CALC_ALLOC!$AJ$1:$AJ$175,_CALC_ALLOC!$A$1:$A$175,"2026",_CALC_ALLOC!$B$1:$B$175,"ISCOM_LIL") -> 0 | G50: =SUMIFS(_CALC_ALLOC!$AK$1:$AK$175,_CALC_ALLOC!$A$1:$A$175,"2026",_CALC_ALLOC!$B$1:$B$175,"ISCOM_LIL") -> 0 | H50: =SUMIFS(_CALC_ALLOC!$AL$1:$AL$175,_CALC_ALLOC!$A$1:$A$175,"2026",_CALC_ALLOC!$B$1:$B$175,"ISCOM_LIL") -> 0 | I50: =SUMIFS(_CALC_ALLOC!$AR$1:$AR$175,_CALC_ALLOC!$A$1:$A$175,"2026",_CALC_ALLOC!$B$1:$B$175,"ISCOM_LIL") -> 0 | J50: =SUMIFS(_CALC_ALLOC!$AM$1:$AM$175,_CALC_ALLOC!$A$1:$A$175,"2026",_CALC_ALLOC!$B$1:$B$175,"ISCOM_LIL") -> 0 | K50: =E50+F50+G50+H50+I50+J50 -> 0 | L50: =SUMIFS(_CALC_ALLOC!$AN$1:$AN$175,_CALC_ALLOC!$A$1:$A$175,"2026",_CALC_ALLOC!$B$1:$B$175,"ISCOM_LIL") -> 0 | M50: =IFERROR(L50/D50,0) -> 0
B51: BAC_COM B1 INIT | C51: =SUMIFS(_CALC_ALLOC!$G$1:$G$175,_CALC_ALLOC!$A$1:$A$175,"2026",_CALC_ALLOC!$B$1:$B$175,"ISCOM_LIL",_CALC_ALLOC!$D$1:$D$175,"BAC_COM",_CALC_ALLOC!$E$1:$E$175,"B1",_CALC_ALLOC!$F$1:$F$175,"INIT") -> 0 | D51: =SUMIFS(_CALC_ALLOC!$I$1:$I$175,_CALC_ALLOC!$A$1:$A$175,"2026",_CALC_ALLOC!$B$1:$B$175,"ISCOM_LIL",_CALC_ALLOC!$D$1:$D$175,"BAC_COM",_CALC_ALLOC!$E$1:$E$175,"B1",_CALC_ALLOC!$F$1:$F$175,"INIT") -> 0 | E51: =SUMIFS(_CALC_ALLOC!$AI$1:$AI$175,_CALC_ALLOC!$A$1:$A$175,"2026",_CALC_ALLOC!$B$1:$B$175,"ISCOM_LIL",_CALC_ALLOC!$D$1:$D$175,"BAC_COM",_CALC_ALLOC!$E$1:$E$175,"B1",_CALC_ALLOC!$F$1:$F$175,"INIT") -> 0 | F51: =SUMIFS(_CALC_ALLOC!$AJ$1:$AJ$175,_CALC_ALLOC!$A$1:$A$175,"2026",_CALC_ALLOC!$B$1:$B$175,"ISCOM_LIL",_CALC_ALLOC!$D$1:$D$175,"BAC_COM",_CALC_ALLOC!$E$1:$E$175,"B1",_CALC_ALLOC!$F$1:$F$175,"INIT") -> 0 | G51: =SUMIFS(_CALC_ALLOC!$AK$1:$AK$175,_CALC_ALLOC!$A$1:$A$175,"2026",_CALC_ALLOC!$B$1:$B$175,"ISCOM_LIL",_CALC_ALLOC!$D$1:$D$175,"BAC_COM",_CALC_ALLOC!$E$1:$E$175,"B1",_CALC_ALLOC!$F$1:$F$175,"INIT") -> 0 | H51: =SUMIFS(_CALC_ALLOC!$AL$1:$AL$175,_CALC_ALLOC!$A$1:$A$175,"2026",_CALC_ALLOC!$B$1:$B$175,"ISCOM_LIL",_CALC_ALLOC!$D$1:$D$175,"BAC_COM",_CALC_ALLOC!$E$1:$E$175,"B1",_CALC_ALLOC!$F$1:$F$175,"INIT") -> 0 | I51: =SUMIFS(_CALC_ALLOC!$AR$1:$AR$175,_CALC_ALLOC!$A$1:$A$175,"2026",_CALC_ALLOC!$B$1:$B$175,"ISCOM_LIL",_CALC_ALLOC!$D$1:$D$175,"BAC_COM",_CALC_ALLOC!$E$1:$E$175,"B1",_CALC_ALLOC!$F$1:$F$175,"INIT") -> 0 | J51: =SUMIFS(_CALC_ALLOC!$AM$1:$AM$175,_CALC_ALLOC!$A$1:$A$175,"2026",_CALC_ALLOC!$B$1:$B$175,"ISCOM_LIL",_CALC_ALLOC!$D$1:$D$175,"BAC_COM",_CALC_ALLOC!$E$1:$E$175,"B1",_CALC_ALLOC!$F$1:$F$175,"INIT") -> 0 | K51: =E51+F51+G51+H51+I51+J51 -> 0 | L51: =SUMIFS(_CALC_ALLOC!$AN$1:$AN$175,_CALC_ALLOC!$A$1:$A$175,"2026",_CALC_ALLOC!$B$1:$B$175,"ISCOM_LIL",_CALC_ALLOC!$D$1:$D$175,"BAC_COM",_CALC_ALLOC!$E$1:$E$175,"B1",_CALC_ALLOC!$F$1:$F$175,"INIT") -> 0 | M51: =IFERROR(L51/D51,0) -> 0
B52: BAC_COM B2 ALT | C52: =SUMIFS(_CALC_ALLOC!$G$1:$G$175,_CALC_ALLOC!$A$1:$A$175,"2026",_CALC_ALLOC!$B$1:$B$175,"ISCOM_LIL",_CALC_ALLOC!$D$1:$D$175,"BAC_COM",_CALC_ALLOC!$E$1:$E$175,"B2",_CALC_ALLOC!$F$1:$F$175,"ALT") -> 0 | D52: =SUMIFS(_CALC_ALLOC!$I$1:$I$175,_CALC_ALLOC!$A$1:$A$175,"2026",_CALC_ALLOC!$B$1:$B$175,"ISCOM_LIL",_CALC_ALLOC!$D$1:$D$175,"BAC_COM",_CALC_ALLOC!$E$1:$E$175,"B2",_CALC_ALLOC!$F$1:$F$175,"ALT") -> 0 | E52: =SUMIFS(_CALC_ALLOC!$AI$1:$AI$175,_CALC_ALLOC!$A$1:$A$175,"2026",_CALC_ALLOC!$B$1:$B$175,"ISCOM_LIL",_CALC_ALLOC!$D$1:$D$175,"BAC_COM",_CALC_ALLOC!$E$1:$E$175,"B2",_CALC_ALLOC!$F$1:$F$175,"ALT") -> 0 | F52: =SUMIFS(_CALC_ALLOC!$AJ$1:$AJ$175,_CALC_ALLOC!$A$1:$A$175,"2026",_CALC_ALLOC!$B$1:$B$175,"ISCOM_LIL",_CALC_ALLOC!$D$1:$D$175,"BAC_COM",_CALC_ALLOC!$E$1:$E$175,"B2",_CALC_ALLOC!$F$1:$F$175,"ALT") -> 0 | G52: =SUMIFS(_CALC_ALLOC!$AK$1:$AK$175,_CALC_ALLOC!$A$1:$A$175,"2026",_CALC_ALLOC!$B$1:$B$175,"ISCOM_LIL",_CALC_ALLOC!$D$1:$D$175,"BAC_COM",_CALC_ALLOC!$E$1:$E$175,"B2",_CALC_ALLOC!$F$1:$F$175,"ALT") -> 0 | H52: =SUMIFS(_CALC_ALLOC!$AL$1:$AL$175,_CALC_ALLOC!$A$1:$A$175,"2026",_CALC_ALLOC!$B$1:$B$175,"ISCOM_LIL",_CALC_ALLOC!$D$1:$D$175,"BAC_COM",_CALC_ALLOC!$E$1:$E$175,"B2",_CALC_ALLOC!$F$1:$F$175,"ALT") -> 0 | I52: =SUMIFS(_CALC_ALLOC!$AR$1:$AR$175,_CALC_ALLOC!$A$1:$A$175,"2026",_CALC_ALLOC!$B$1:$B$175,"ISCOM_LIL",_CALC_ALLOC!$D$1:$D$175,"BAC_COM",_CALC_ALLOC!$E$1:$E$175,"B2",_CALC_ALLOC!$F$1:$F$175,"ALT") -> 0 | J52: =SUMIFS(_CALC_ALLOC!$AM$1:$AM$175,_CALC_ALLOC!$A$1:$A$175,"2026",_CALC_ALLOC!$B$1:$B$175,"ISCOM_LIL",_CALC_ALLOC!$D$1:$D$175,"BAC_COM",_CALC_ALLOC!$E$1:$E$175,"B2",_CALC_ALLOC!$F$1:$F$175,"ALT") -> 0 | K52: =E52+F52+G52+H52+I52+J52 -> 0 | L52: =SUMIFS(_CALC_ALLOC!$AN$1:$AN$175,_CALC_ALLOC!$A$1:$A$175,"2026",_CALC_ALLOC!$B$1:$B$175,"ISCOM_LIL",_CALC_ALLOC!$D$1:$D$175,"BAC_COM",_CALC_ALLOC!$E$1:$E$175,"B2",_CALC_ALLOC!$F$1:$F$175,"ALT") -> 0 | M52: =IFERROR(L52/D52,0) -> 0
B53: BAC_COM B3 ALT | C53: =SUMIFS(_CALC_ALLOC!$G$1:$G$175,_CALC_ALLOC!$A$1:$A$175,"2026",_CALC_ALLOC!$B$1:$B$175,"ISCOM_LIL",_CALC_ALLOC!$D$1:$D$175,"BAC_COM",_CALC_ALLOC!$E$1:$E$175,"B3",_CALC_ALLOC!$F$1:$F$175,"ALT") -> 0 | D53: =SUMIFS(_CALC_ALLOC!$I$1:$I$175,_CALC_ALLOC!$A$1:$A$175,"2026",_CALC_ALLOC!$B$1:$B$175,"ISCOM_LIL",_CALC_ALLOC!$D$1:$D$175,"BAC_COM",_CALC_ALLOC!$E$1:$E$175,"B3",_CALC_ALLOC!$F$1:$F$175,"ALT") -> 0 | E53: =SUMIFS(_CALC_ALLOC!$AI$1:$AI$175,_CALC_ALLOC!$A$1:$A$175,"2026",_CALC_ALLOC!$B$1:$B$175,"ISCOM_LIL",_CALC_ALLOC!$D$1:$D$175,"BAC_COM",_CALC_ALLOC!$E$1:$E$175,"B3",_CALC_ALLOC!$F$1:$F$175,"ALT") -> 0 | F53: =SUMIFS(_CALC_ALLOC!$AJ$1:$AJ$175,_CALC_ALLOC!$A$1:$A$175,"2026",_CALC_ALLOC!$B$1:$B$175,"ISCOM_LIL",_CALC_ALLOC!$D$1:$D$175,"BAC_COM",_CALC_ALLOC!$E$1:$E$175,"B3",_CALC_ALLOC!$F$1:$F$175,"ALT") -> 0 | G53: =SUMIFS(_CALC_ALLOC!$AK$1:$AK$175,_CALC_ALLOC!$A$1:$A$175,"2026",_CALC_ALLOC!$B$1:$B$175,"ISCOM_LIL",_CALC_ALLOC!$D$1:$D$175,"BAC_COM",_CALC_ALLOC!$E$1:$E$175,"B3",_CALC_ALLOC!$F$1:$F$175,"ALT") -> 0 | H53: =SUMIFS(_CALC_ALLOC!$AL$1:$AL$175,_CALC_ALLOC!$A$1:$A$175,"2026",_CALC_ALLOC!$B$1:$B$175,"ISCOM_LIL",_CALC_ALLOC!$D$1:$D$175,"BAC_COM",_CALC_ALLOC!$E$1:$E$175,"B3",_CALC_ALLOC!$F$1:$F$175,"ALT") -> 0 | I53: =SUMIFS(_CALC_ALLOC!$AR$1:$AR$175,_CALC_ALLOC!$A$1:$A$175,"2026",_CALC_ALLOC!$B$1:$B$175,"ISCOM_LIL",_CALC_ALLOC!$D$1:$D$175,"BAC_COM",_CALC_ALLOC!$E$1:$E$175,"B3",_CALC_ALLOC!$F$1:$F$175,"ALT") -> 0 | J53: =SUMIFS(_CALC_ALLOC!$AM$1:$AM$175,_CALC_ALLOC!$A$1:$A$175,"2026",_CALC_ALLOC!$B$1:$B$175,"ISCOM_LIL",_CALC_ALLOC!$D$1:$D$175,"BAC_COM",_CALC_ALLOC!$E$1:$E$175,"B3",_CALC_ALLOC!$F$1:$F$175,"ALT") -> 0 | K53: =E53+F53+G53+H53+I53+J53 -> 0 | L53: =SUMIFS(_CALC_ALLOC!$AN$1:$AN$175,_CALC_ALLOC!$A$1:$A$175,"2026",_CALC_ALLOC!$B$1:$B$175,"ISCOM_LIL",_CALC_ALLOC!$D$1:$D$175,"BAC_COM",_CALC_ALLOC!$E$1:$E$175,"B3",_CALC_ALLOC!$F$1:$F$175,"ALT") -> 0 | M53: =IFERROR(L53/D53,0) -> 0
B54: MAS_COM M1 ALT | C54: =SUMIFS(_CALC_ALLOC!$G$1:$G$175,_CALC_ALLOC!$A$1:$A$175,"2026",_CALC_ALLOC!$B$1:$B$175,"ISCOM_LIL",_CALC_ALLOC!$D$1:$D$175,"MAS_COM",_CALC_ALLOC!$E$1:$E$175,"M1",_CALC_ALLOC!$F$1:$F$175,"ALT") -> 0 | D54: =SUMIFS(_CALC_ALLOC!$I$1:$I$175,_CALC_ALLOC!$A$1:$A$175,"2026",_CALC_ALLOC!$B$1:$B$175,"ISCOM_LIL",_CALC_ALLOC!$D$1:$D$175,"MAS_COM",_CALC_ALLOC!$E$1:$E$175,"M1",_CALC_ALLOC!$F$1:$F$175,"ALT") -> 0 | E54: =SUMIFS(_CALC_ALLOC!$AI$1:$AI$175,_CALC_ALLOC!$A$1:$A$175,"2026",_CALC_ALLOC!$B$1:$B$175,"ISCOM_LIL",_CALC_ALLOC!$D$1:$D$175,"MAS_COM",_CALC_ALLOC!$E$1:$E$175,"M1",_CALC_ALLOC!$F$1:$F$175,"ALT") -> 0 | F54: =SUMIFS(_CALC_ALLOC!$AJ$1:$AJ$175,_CALC_ALLOC!$A$1:$A$175,"2026",_CALC_ALLOC!$B$1:$B$175,"ISCOM_LIL",_CALC_ALLOC!$D$1:$D$175,"MAS_COM",_CALC_ALLOC!$E$1:$E$175,"M1",_CALC_ALLOC!$F$1:$F$175,"ALT") -> 0 | G54: =SUMIFS(_CALC_ALLOC!$AK$1:$AK$175,_CALC_ALLOC!$A$1:$A$175,"2026",_CALC_ALLOC!$B$1:$B$175,"ISCOM_LIL",_CALC_ALLOC!$D$1:$D$175,"MAS_COM",_CALC_ALLOC!$E$1:$E$175,"M1",_CALC_ALLOC!$F$1:$F$175,"ALT") -> 0 | H54: =SUMIFS(_CALC_ALLOC!$AL$1:$AL$175,_CALC_ALLOC!$A$1:$A$175,"2026",_CALC_ALLOC!$B$1:$B$175,"ISCOM_LIL",_CALC_ALLOC!$D$1:$D$175,"MAS_COM",_CALC_ALLOC!$E$1:$E$175,"M1",_CALC_ALLOC!$F$1:$F$175,"ALT") -> 0 | I54: =SUMIFS(_CALC_ALLOC!$AR$1:$AR$175,_CALC_ALLOC!$A$1:$A$175,"2026",_CALC_ALLOC!$B$1:$B$175,"ISCOM_LIL",_CALC_ALLOC!$D$1:$D$175,"MAS_COM",_CALC_ALLOC!$E$1:$E$175,"M1",_CALC_ALLOC!$F$1:$F$175,"ALT") -> 0 | J54: =SUMIFS(_CALC_ALLOC!$AM$1:$AM$175,_CALC_ALLOC!$A$1:$A$175,"2026",_CALC_ALLOC!$B$1:$B$175,"ISCOM_LIL",_CALC_ALLOC!$D$1:$D$175,"MAS_COM",_CALC_ALLOC!$E$1:$E$175,"M1",_CALC_ALLOC!$F$1:$F$175,"ALT") -> 0 | K54: =E54+F54+G54+H54+I54+J54 -> 0 | L54: =SUMIFS(_CALC_ALLOC!$AN$1:$AN$175,_CALC_ALLOC!$A$1:$A$175,"2026",_CALC_ALLOC!$B$1:$B$175,"ISCOM_LIL",_CALC_ALLOC!$D$1:$D$175,"MAS_COM",_CALC_ALLOC!$E$1:$E$175,"M1",_CALC_ALLOC!$F$1:$F$175,"ALT") -> 0 | M54: =IFERROR(L54/D54,0) -> 0
B55: MAS_COM M2 ALT | C55: =SUMIFS(_CALC_ALLOC!$G$1:$G$175,_CALC_ALLOC!$A$1:$A$175,"2026",_CALC_ALLOC!$B$1:$B$175,"ISCOM_LIL",_CALC_ALLOC!$D$1:$D$175,"MAS_COM",_CALC_ALLOC!$E$1:$E$175,"M2",_CALC_ALLOC!$F$1:$F$175,"ALT") -> 0 | D55: =SUMIFS(_CALC_ALLOC!$I$1:$I$175,_CALC_ALLOC!$A$1:$A$175,"2026",_CALC_ALLOC!$B$1:$B$175,"ISCOM_LIL",_CALC_ALLOC!$D$1:$D$175,"MAS_COM",_CALC_ALLOC!$E$1:$E$175,"M2",_CALC_ALLOC!$F$1:$F$175,"ALT") -> 0 | E55: =SUMIFS(_CALC_ALLOC!$AI$1:$AI$175,_CALC_ALLOC!$A$1:$A$175,"2026",_CALC_ALLOC!$B$1:$B$175,"ISCOM_LIL",_CALC_ALLOC!$D$1:$D$175,"MAS_COM",_CALC_ALLOC!$E$1:$E$175,"M2",_CALC_ALLOC!$F$1:$F$175,"ALT") -> 0 | F55: =SUMIFS(_CALC_ALLOC!$AJ$1:$AJ$175,_CALC_ALLOC!$A$1:$A$175,"2026",_CALC_ALLOC!$B$1:$B$175,"ISCOM_LIL",_CALC_ALLOC!$D$1:$D$175,"MAS_COM",_CALC_ALLOC!$E$1:$E$175,"M2",_CALC_ALLOC!$F$1:$F$175,"ALT") -> 0 | G55: =SUMIFS(_CALC_ALLOC!$AK$1:$AK$175,_CALC_ALLOC!$A$1:$A$175,"2026",_CALC_ALLOC!$B$1:$B$175,"ISCOM_LIL",_CALC_ALLOC!$D$1:$D$175,"MAS_COM",_CALC_ALLOC!$E$1:$E$175,"M2",_CALC_ALLOC!$F$1:$F$175,"ALT") -> 0 | H55: =SUMIFS(_CALC_ALLOC!$AL$1:$AL$175,_CALC_ALLOC!$A$1:$A$175,"2026",_CALC_ALLOC!$B$1:$B$175,"ISCOM_LIL",_CALC_ALLOC!$D$1:$D$175,"MAS_COM",_CALC_ALLOC!$E$1:$E$175,"M2",_CALC_ALLOC!$F$1:$F$175,"ALT") -> 0 | I55: =SUMIFS(_CALC_ALLOC!$AR$1:$AR$175,_CALC_ALLOC!$A$1:$A$175,"2026",_CALC_ALLOC!$B$1:$B$175,"ISCOM_LIL",_CALC_ALLOC!$D$1:$D$175,"MAS_COM",_CALC_ALLOC!$E$1:$E$175,"M2",_CALC_ALLOC!$F$1:$F$175,"ALT") -> 0 | J55: =SUMIFS(_CALC_ALLOC!$AM$1:$AM$175,_CALC_ALLOC!$A$1:$A$175,"2026",_CALC_ALLOC!$B$1:$B$175,"ISCOM_LIL",_CALC_ALLOC!$D$1:$D$175,"MAS_COM",_CALC_ALLOC!$E$1:$E$175,"M2",_CALC_ALLOC!$F$1:$F$175,"ALT") -> 0 | K55: =E55+F55+G55+H55+I55+J55 -> 0 | L55: =SUMIFS(_CALC_ALLOC!$AN$1:$AN$175,_CALC_ALLOC!$A$1:$A$175,"2026",_CALC_ALLOC!$B$1:$B$175,"ISCOM_LIL",_CALC_ALLOC!$D$1:$D$175,"MAS_COM",_CALC_ALLOC!$E$1:$E$175,"M2",_CALC_ALLOC!$F$1:$F$175,"ALT") -> 0 | M55: =IFERROR(L55/D55,0) -> 0
B56: Toulouse (ISCOM_TLS) | C56: =SUMIFS(_CALC_ALLOC!$G$1:$G$175,_CALC_ALLOC!$A$1:$A$175,"2026",_CALC_ALLOC!$B$1:$B$175,"ISCOM_TLS") -> 0 | D56: =SUMIFS(_CALC_ALLOC!$I$1:$I$175,_CALC_ALLOC!$A$1:$A$175,"2026",_CALC_ALLOC!$B$1:$B$175,"ISCOM_TLS") -> 0 | E56: =SUMIFS(_CALC_ALLOC!$AI$1:$AI$175,_CALC_ALLOC!$A$1:$A$175,"2026",_CALC_ALLOC!$B$1:$B$175,"ISCOM_TLS") -> 0 | F56: =SUMIFS(_CALC_ALLOC!$AJ$1:$AJ$175,_CALC_ALLOC!$A$1:$A$175,"2026",_CALC_ALLOC!$B$1:$B$175,"ISCOM_TLS") -> 0 | G56: =SUMIFS(_CALC_ALLOC!$AK$1:$AK$175,_CALC_ALLOC!$A$1:$A$175,"2026",_CALC_ALLOC!$B$1:$B$175,"ISCOM_TLS") -> 0 | H56: =SUMIFS(_CALC_ALLOC!$AL$1:$AL$175,_CALC_ALLOC!$A$1:$A$175,"2026",_CALC_ALLOC!$B$1:$B$175,"ISCOM_TLS") -> 0 | I56: =SUMIFS(_CALC_ALLOC!$AR$1:$AR$175,_CALC_ALLOC!$A$1:$A$175,"2026",_CALC_ALLOC!$B$1:$B$175,"ISCOM_TLS") -> 0 | J56: =SUMIFS(_CALC_ALLOC!$AM$1:$AM$175,_CALC_ALLOC!$A$1:$A$175,"2026",_CALC_ALLOC!$B$1:$B$175,"ISCOM_TLS") -> 0 | K56: =E56+F56+G56+H56+I56+J56 -> 0 | L56: =SUMIFS(_CALC_ALLOC!$AN$1:$AN$175,_CALC_ALLOC!$A$1:$A$175,"2026",_CALC_ALLOC!$B$1:$B$175,"ISCOM_TLS") -> 0 | M56: =IFERROR(L56/D56,0) -> 0
B57: BAC_COM B1 INIT | C57: =SUMIFS(_CALC_ALLOC!$G$1:$G$175,_CALC_ALLOC!$A$1:$A$175,"2026",_CALC_ALLOC!$B$1:$B$175,"ISCOM_TLS",_CALC_ALLOC!$D$1:$D$175,"BAC_COM",_CALC_ALLOC!$E$1:$E$175,"B1",_CALC_ALLOC!$F$1:$F$175,"INIT") -> 0 | D57: =SUMIFS(_CALC_ALLOC!$I$1:$I$175,_CALC_ALLOC!$A$1:$A$175,"2026",_CALC_ALLOC!$B$1:$B$175,"ISCOM_TLS",_CALC_ALLOC!$D$1:$D$175,"BAC_COM",_CALC_ALLOC!$E$1:$E$175,"B1",_CALC_ALLOC!$F$1:$F$175,"INIT") -> 0 | E57: =SUMIFS(_CALC_ALLOC!$AI$1:$AI$175,_CALC_ALLOC!$A$1:$A$175,"2026",_CALC_ALLOC!$B$1:$B$175,"ISCOM_TLS",_CALC_ALLOC!$D$1:$D$175,"BAC_COM",_CALC_ALLOC!$E$1:$E$175,"B1",_CALC_ALLOC!$F$1:$F$175,"INIT") -> 0 | F57: =SUMIFS(_CALC_ALLOC!$AJ$1:$AJ$175,_CALC_ALLOC!$A$1:$A$175,"2026",_CALC_ALLOC!$B$1:$B$175,"ISCOM_TLS",_CALC_ALLOC!$D$1:$D$175,"BAC_COM",_CALC_ALLOC!$E$1:$E$175,"B1",_CALC_ALLOC!$F$1:$F$175,"INIT") -> 0 | G57: =SUMIFS(_CALC_ALLOC!$AK$1:$AK$175,_CALC_ALLOC!$A$1:$A$175,"2026",_CALC_ALLOC!$B$1:$B$175,"ISCOM_TLS",_CALC_ALLOC!$D$1:$D$175,"BAC_COM",_CALC_ALLOC!$E$1:$E$175,"B1",_CALC_ALLOC!$F$1:$F$175,"INIT") -> 0 | H57: =SUMIFS(_CALC_ALLOC!$AL$1:$AL$175,_CALC_ALLOC!$A$1:$A$175,"2026",_CALC_ALLOC!$B$1:$B$175,"ISCOM_TLS",_CALC_ALLOC!$D$1:$D$175,"BAC_COM",_CALC_ALLOC!$E$1:$E$175,"B1",_CALC_ALLOC!$F$1:$F$175,"INIT") -> 0 | I57: =SUMIFS(_CALC_ALLOC!$AR$1:$AR$175,_CALC_ALLOC!$A$1:$A$175,"2026",_CALC_ALLOC!$B$1:$B$175,"ISCOM_TLS",_CALC_ALLOC!$D$1:$D$175,"BAC_COM",_CALC_ALLOC!$E$1:$E$175,"B1",_CALC_ALLOC!$F$1:$F$175,"INIT") -> 0 | J57: =SUMIFS(_CALC_ALLOC!$AM$1:$AM$175,_CALC_ALLOC!$A$1:$A$175,"2026",_CALC_ALLOC!$B$1:$B$175,"ISCOM_TLS",_CALC_ALLOC!$D$1:$D$175,"BAC_COM",_CALC_ALLOC!$E$1:$E$175,"B1",_CALC_ALLOC!$F$1:$F$175,"INIT") -> 0 | K57: =E57+F57+G57+H57+I57+J57 -> 0 | L57: =SUMIFS(_CALC_ALLOC!$AN$1:$AN$175,_CALC_ALLOC!$A$1:$A$175,"2026",_CALC_ALLOC!$B$1:$B$175,"ISCOM_TLS",_CALC_ALLOC!$D$1:$D$175,"BAC_COM",_CALC_ALLOC!$E$1:$E$175,"B1",_CALC_ALLOC!$F$1:$F$175,"INIT") -> 0 | M57: =IFERROR(L57/D57,0) -> 0
B58: BAC_COM B2 ALT | C58: =SUMIFS(_CALC_ALLOC!$G$1:$G$175,_CALC_ALLOC!$A$1:$A$175,"2026",_CALC_ALLOC!$B$1:$B$175,"ISCOM_TLS",_CALC_ALLOC!$D$1:$D$175,"BAC_COM",_CALC_ALLOC!$E$1:$E$175,"B2",_CALC_ALLOC!$F$1:$F$175,"ALT") -> 0 | D58: =SUMIFS(_CALC_ALLOC!$I$1:$I$175,_CALC_ALLOC!$A$1:$A$175,"2026",_CALC_ALLOC!$B$1:$B$175,"ISCOM_TLS",_CALC_ALLOC!$D$1:$D$175,"BAC_COM",_CALC_ALLOC!$E$1:$E$175,"B2",_CALC_ALLOC!$F$1:$F$175,"ALT") -> 0 | E58: =SUMIFS(_CALC_ALLOC!$AI$1:$AI$175,_CALC_ALLOC!$A$1:$A$175,"2026",_CALC_ALLOC!$B$1:$B$175,"ISCOM_TLS",_CALC_ALLOC!$D$1:$D$175,"BAC_COM",_CALC_ALLOC!$E$1:$E$175,"B2",_CALC_ALLOC!$F$1:$F$175,"ALT") -> 0 | F58: =SUMIFS(_CALC_ALLOC!$AJ$1:$AJ$175,_CALC_ALLOC!$A$1:$A$175,"2026",_CALC_ALLOC!$B$1:$B$175,"ISCOM_TLS",_CALC_ALLOC!$D$1:$D$175,"BAC_COM",_CALC_ALLOC!$E$1:$E$175,"B2",_CALC_ALLOC!$F$1:$F$175,"ALT") -> 0 | G58: =SUMIFS(_CALC_ALLOC!$AK$1:$AK$175,_CALC_ALLOC!$A$1:$A$175,"2026",_CALC_ALLOC!$B$1:$B$175,"ISCOM_TLS",_CALC_ALLOC!$D$1:$D$175,"BAC_COM",_CALC_ALLOC!$E$1:$E$175,"B2",_CALC_ALLOC!$F$1:$F$175,"ALT") -> 0 | H58: =SUMIFS(_CALC_ALLOC!$AL$1:$AL$175,_CALC_ALLOC!$A$1:$A$175,"2026",_CALC_ALLOC!$B$1:$B$175,"ISCOM_TLS",_CALC_ALLOC!$D$1:$D$175,"BAC_COM",_CALC_ALLOC!$E$1:$E$175,"B2",_CALC_ALLOC!$F$1:$F$175,"ALT") -> 0 | I58: =SUMIFS(_CALC_ALLOC!$AR$1:$AR$175,_CALC_ALLOC!$A$1:$A$175,"2026",_CALC_ALLOC!$B$1:$B$175,"ISCOM_TLS",_CALC_ALLOC!$D$1:$D$175,"BAC_COM",_CALC_ALLOC!$E$1:$E$175,"B2",_CALC_ALLOC!$F$1:$F$175,"ALT") -> 0 | J58: =SUMIFS(_CALC_ALLOC!$AM$1:$AM$175,_CALC_ALLOC!$A$1:$A$175,"2026",_CALC_ALLOC!$B$1:$B$175,"ISCOM_TLS",_CALC_ALLOC!$D$1:$D$175,"BAC_COM",_CALC_ALLOC!$E$1:$E$175,"B2",_CALC_ALLOC!$F$1:$F$175,"ALT") -> 0 | K58: =E58+F58+G58+H58+I58+J58 -> 0 | L58: =SUMIFS(_CALC_ALLOC!$AN$1:$AN$175,_CALC_ALLOC!$A$1:$A$175,"2026",_CALC_ALLOC!$B$1:$B$175,"ISCOM_TLS",_CALC_ALLOC!$D$1:$D$175,"BAC_COM",_CALC_ALLOC!$E$1:$E$175,"B2",_CALC_ALLOC!$F$1:$F$175,"ALT") -> 0 | M58: =IFERROR(L58/D58,0) -> 0
B59: BAC_COM B3 ALT | C59: =SUMIFS(_CALC_ALLOC!$G$1:$G$175,_CALC_ALLOC!$A$1:$A$175,"2026",_CALC_ALLOC!$B$1:$B$175,"ISCOM_TLS",_CALC_ALLOC!$D$1:$D$175,"BAC_COM",_CALC_ALLOC!$E$1:$E$175,"B3",_CALC_ALLOC!$F$1:$F$175,"ALT") -> 0 | D59: =SUMIFS(_CALC_ALLOC!$I$1:$I$175,_CALC_ALLOC!$A$1:$A$175,"2026",_CALC_ALLOC!$B$1:$B$175,"ISCOM_TLS",_CALC_ALLOC!$D$1:$D$175,"BAC_COM",_CALC_ALLOC!$E$1:$E$175,"B3",_CALC_ALLOC!$F$1:$F$175,"ALT") -> 0 | E59: =SUMIFS(_CALC_ALLOC!$AI$1:$AI$175,_CALC_ALLOC!$A$1:$A$175,"2026",_CALC_ALLOC!$B$1:$B$175,"ISCOM_TLS",_CALC_ALLOC!$D$1:$D$175,"BAC_COM",_CALC_ALLOC!$E$1:$E$175,"B3",_CALC_ALLOC!$F$1:$F$175,"ALT") -> 0 | F59: =SUMIFS(_CALC_ALLOC!$AJ$1:$AJ$175,_CALC_ALLOC!$A$1:$A$175,"2026",_CALC_ALLOC!$B$1:$B$175,"ISCOM_TLS",_CALC_ALLOC!$D$1:$D$175,"BAC_COM",_CALC_ALLOC!$E$1:$E$175,"B3",_CALC_ALLOC!$F$1:$F$175,"ALT") -> 0 | G59: =SUMIFS(_CALC_ALLOC!$AK$1:$AK$175,_CALC_ALLOC!$A$1:$A$175,"2026",_CALC_ALLOC!$B$1:$B$175,"ISCOM_TLS",_CALC_ALLOC!$D$1:$D$175,"BAC_COM",_CALC_ALLOC!$E$1:$E$175,"B3",_CALC_ALLOC!$F$1:$F$175,"ALT") -> 0 | H59: =SUMIFS(_CALC_ALLOC!$AL$1:$AL$175,_CALC_ALLOC!$A$1:$A$175,"2026",_CALC_ALLOC!$B$1:$B$175,"ISCOM_TLS",_CALC_ALLOC!$D$1:$D$175,"BAC_COM",_CALC_ALLOC!$E$1:$E$175,"B3",_CALC_ALLOC!$F$1:$F$175,"ALT") -> 0 | I59: =SUMIFS(_CALC_ALLOC!$AR$1:$AR$175,_CALC_ALLOC!$A$1:$A$175,"2026",_CALC_ALLOC!$B$1:$B$175,"ISCOM_TLS",_CALC_ALLOC!$D$1:$D$175,"BAC_COM",_CALC_ALLOC!$E$1:$E$175,"B3",_CALC_ALLOC!$F$1:$F$175,"ALT") -> 0 | J59: =SUMIFS(_CALC_ALLOC!$AM$1:$AM$175,_CALC_ALLOC!$A$1:$A$175,"2026",_CALC_ALLOC!$B$1:$B$175,"ISCOM_TLS",_CALC_ALLOC!$D$1:$D$175,"BAC_COM",_CALC_ALLOC!$E$1:$E$175,"B3",_CALC_ALLOC!$F$1:$F$175,"ALT") -> 0 | K59: =E59+F59+G59+H59+I59+J59 -> 0 | L59: =SUMIFS(_CALC_ALLOC!$AN$1:$AN$175,_CALC_ALLOC!$A$1:$A$175,"2026",_CALC_ALLOC!$B$1:$B$175,"ISCOM_TLS",_CALC_ALLOC!$D$1:$D$175,"BAC_COM",_CALC_ALLOC!$E$1:$E$175,"B3",_CALC_ALLOC!$F$1:$F$175,"ALT") -> 0 | M59: =IFERROR(L59/D59,0) -> 0
B60: MAS_COM M1 ALT | C60: =SUMIFS(_CALC_ALLOC!$G$1:$G$175,_CALC_ALLOC!$A$1:$A$175,"2026",_CALC_ALLOC!$B$1:$B$175,"ISCOM_TLS",_CALC_ALLOC!$D$1:$D$175,"MAS_COM",_CALC_ALLOC!$E$1:$E$175,"M1",_CALC_ALLOC!$F$1:$F$175,"ALT") -> 0 | D60: =SUMIFS(_CALC_ALLOC!$I$1:$I$175,_CALC_ALLOC!$A$1:$A$175,"2026",_CALC_ALLOC!$B$1:$B$175,"ISCOM_TLS",_CALC_ALLOC!$D$1:$D$175,"MAS_COM",_CALC_ALLOC!$E$1:$E$175,"M1",_CALC_ALLOC!$F$1:$F$175,"ALT") -> 0 | E60: =SUMIFS(_CALC_ALLOC!$AI$1:$AI$175,_CALC_ALLOC!$A$1:$A$175,"2026",_CALC_ALLOC!$B$1:$B$175,"ISCOM_TLS",_CALC_ALLOC!$D$1:$D$175,"MAS_COM",_CALC_ALLOC!$E$1:$E$175,"M1",_CALC_ALLOC!$F$1:$F$175,"ALT") -> 0 | F60: =SUMIFS(_CALC_ALLOC!$AJ$1:$AJ$175,_CALC_ALLOC!$A$1:$A$175,"2026",_CALC_ALLOC!$B$1:$B$175,"ISCOM_TLS",_CALC_ALLOC!$D$1:$D$175,"MAS_COM",_CALC_ALLOC!$E$1:$E$175,"M1",_CALC_ALLOC!$F$1:$F$175,"ALT") -> 0 | G60: =SUMIFS(_CALC_ALLOC!$AK$1:$AK$175,_CALC_ALLOC!$A$1:$A$175,"2026",_CALC_ALLOC!$B$1:$B$175,"ISCOM_TLS",_CALC_ALLOC!$D$1:$D$175,"MAS_COM",_CALC_ALLOC!$E$1:$E$175,"M1",_CALC_ALLOC!$F$1:$F$175,"ALT") -> 0 | H60: =SUMIFS(_CALC_ALLOC!$AL$1:$AL$175,_CALC_ALLOC!$A$1:$A$175,"2026",_CALC_ALLOC!$B$1:$B$175,"ISCOM_TLS",_CALC_ALLOC!$D$1:$D$175,"MAS_COM",_CALC_ALLOC!$E$1:$E$175,"M1",_CALC_ALLOC!$F$1:$F$175,"ALT") -> 0 | I60: =SUMIFS(_CALC_ALLOC!$AR$1:$AR$175,_CALC_ALLOC!$A$1:$A$175,"2026",_CALC_ALLOC!$B$1:$B$175,"ISCOM_TLS",_CALC_ALLOC!$D$1:$D$175,"MAS_COM",_CALC_ALLOC!$E$1:$E$175,"M1",_CALC_ALLOC!$F$1:$F$175,"ALT") -> 0 | J60: =SUMIFS(_CALC_ALLOC!$AM$1:$AM$175,_CALC_ALLOC!$A$1:$A$175,"2026",_CALC_ALLOC!$B$1:$B$175,"ISCOM_TLS",_CALC_ALLOC!$D$1:$D$175,"MAS_COM",_CALC_ALLOC!$E$1:$E$175,"M1",_CALC_ALLOC!$F$1:$F$175,"ALT") -> 0 | K60: =E60+F60+G60+H60+I60+J60 -> 0 | L60: =SUMIFS(_CALC_ALLOC!$AN$1:$AN$175,_CALC_ALLOC!$A$1:$A$175,"2026",_CALC_ALLOC!$B$1:$B$175,"ISCOM_TLS",_CALC_ALLOC!$D$1:$D$175,"MAS_COM",_CALC_ALLOC!$E$1:$E$175,"M1",_CALC_ALLOC!$F$1:$F$175,"ALT") -> 0 | M60: =IFERROR(L60/D60,0) -> 0
B61: MAS_COM M2 ALT | C61: =SUMIFS(_CALC_ALLOC!$G$1:$G$175,_CALC_ALLOC!$A$1:$A$175,"2026",_CALC_ALLOC!$B$1:$B$175,"ISCOM_TLS",_CALC_ALLOC!$D$1:$D$175,"MAS_COM",_CALC_ALLOC!$E$1:$E$175,"M2",_CALC_ALLOC!$F$1:$F$175,"ALT") -> 0 | D61: =SUMIFS(_CALC_ALLOC!$I$1:$I$175,_CALC_ALLOC!$A$1:$A$175,"2026",_CALC_ALLOC!$B$1:$B$175,"ISCOM_TLS",_CALC_ALLOC!$D$1:$D$175,"MAS_COM",_CALC_ALLOC!$E$1:$E$175,"M2",_CALC_ALLOC!$F$1:$F$175,"ALT") -> 0 | E61: =SUMIFS(_CALC_ALLOC!$AI$1:$AI$175,_CALC_ALLOC!$A$1:$A$175,"2026",_CALC_ALLOC!$B$1:$B$175,"ISCOM_TLS",_CALC_ALLOC!$D$1:$D$175,"MAS_COM",_CALC_ALLOC!$E$1:$E$175,"M2",_CALC_ALLOC!$F$1:$F$175,"ALT") -> 0 | F61: =SUMIFS(_CALC_ALLOC!$AJ$1:$AJ$175,_CALC_ALLOC!$A$1:$A$175,"2026",_CALC_ALLOC!$B$1:$B$175,"ISCOM_TLS",_CALC_ALLOC!$D$1:$D$175,"MAS_COM",_CALC_ALLOC!$E$1:$E$175,"M2",_CALC_ALLOC!$F$1:$F$175,"ALT") -> 0 | G61: =SUMIFS(_CALC_ALLOC!$AK$1:$AK$175,_CALC_ALLOC!$A$1:$A$175,"2026",_CALC_ALLOC!$B$1:$B$175,"ISCOM_TLS",_CALC_ALLOC!$D$1:$D$175,"MAS_COM",_CALC_ALLOC!$E$1:$E$175,"M2",_CALC_ALLOC!$F$1:$F$175,"ALT") -> 0 | H61: =SUMIFS(_CALC_ALLOC!$AL$1:$AL$175,_CALC_ALLOC!$A$1:$A$175,"2026",_CALC_ALLOC!$B$1:$B$175,"ISCOM_TLS",_CALC_ALLOC!$D$1:$D$175,"MAS_COM",_CALC_ALLOC!$E$1:$E$175,"M2",_CALC_ALLOC!$F$1:$F$175,"ALT") -> 0 | I61: =SUMIFS(_CALC_ALLOC!$AR$1:$AR$175,_CALC_ALLOC!$A$1:$A$175,"2026",_CALC_ALLOC!$B$1:$B$175,"ISCOM_TLS",_CALC_ALLOC!$D$1:$D$175,"MAS_COM",_CALC_ALLOC!$E$1:$E$175,"M2",_CALC_ALLOC!$F$1:$F$175,"ALT") -> 0 | J61: =SUMIFS(_CALC_ALLOC!$AM$1:$AM$175,_CALC_ALLOC!$A$1:$A$175,"2026",_CALC_ALLOC!$B$1:$B$175,"ISCOM_TLS",_CALC_ALLOC!$D$1:$D$175,"MAS_COM",_CALC_ALLOC!$E$1:$E$175,"M2",_CALC_ALLOC!$F$1:$F$175,"ALT") -> 0 | K61: =E61+F61+G61+H61+I61+J61 -> 0 | L61: =SUMIFS(_CALC_ALLOC!$AN$1:$AN$175,_CALC_ALLOC!$A$1:$A$175,"2026",_CALC_ALLOC!$B$1:$B$175,"ISCOM_TLS",_CALC_ALLOC!$D$1:$D$175,"MAS_COM",_CALC_ALLOC!$E$1:$E$175,"M2",_CALC_ALLOC!$F$1:$F$175,"ALT") -> 0 | M61: =IFERROR(L61/D61,0) -> 0
B62: Ipac | C62: =SUMIFS(_CALC_ALLOC!$G$1:$G$175,_CALC_ALLOC!$A$1:$A$175,"2026",_CALC_ALLOC!$C$1:$C$175,"IPAC") -> 0 | D62: =SUMIFS(_CALC_ALLOC!$I$1:$I$175,_CALC_ALLOC!$A$1:$A$175,"2026",_CALC_ALLOC!$C$1:$C$175,"IPAC") -> 0 | E62: =SUMIFS(_CALC_ALLOC!$AI$1:$AI$175,_CALC_ALLOC!$A$1:$A$175,"2026",_CALC_ALLOC!$C$1:$C$175,"IPAC") -> 0 | F62: =SUMIFS(_CALC_ALLOC!$AJ$1:$AJ$175,_CALC_ALLOC!$A$1:$A$175,"2026",_CALC_ALLOC!$C$1:$C$175,"IPAC") -> 0 | G62: =SUMIFS(_CALC_ALLOC!$AK$1:$AK$175,_CALC_ALLOC!$A$1:$A$175,"2026",_CALC_ALLOC!$C$1:$C$175,"IPAC") -> 0 | H62: =SUMIFS(_CALC_ALLOC!$AL$1:$AL$175,_CALC_ALLOC!$A$1:$A$175,"2026",_CALC_ALLOC!$C$1:$C$175,"IPAC") -> 0 | I62: =SUMIFS(_CALC_ALLOC!$AR$1:$AR$175,_CALC_ALLOC!$A$1:$A$175,"2026",_CALC_ALLOC!$C$1:$C$175,"IPAC") -> 0 | J62: =SUMIFS(_CALC_ALLOC!$AM$1:$AM$175,_CALC_ALLOC!$A$1:$A$175,"2026",_CALC_ALLOC!$C$1:$C$175,"IPAC") -> 0 | K62: =E62+F62+G62+H62+I62+J62 -> 0 | L62: =SUMIFS(_CALC_ALLOC!$AN$1:$AN$175,_CALC_ALLOC!$A$1:$A$175,"2026",_CALC_ALLOC!$C$1:$C$175,"IPAC") -> 0 | M62: =IFERROR(L62/D62,0) -> 0
B63: Nantes (IPAC_NAN) | C63: =SUMIFS(_CALC_ALLOC!$G$1:$G$175,_CALC_ALLOC!$A$1:$A$175,"2026",_CALC_ALLOC!$B$1:$B$175,"IPAC_NAN") -> 0 | D63: =SUMIFS(_CALC_ALLOC!$I$1:$I$175,_CALC_ALLOC!$A$1:$A$175,"2026",_CALC_ALLOC!$B$1:$B$175,"IPAC_NAN") -> 0 | E63: =SUMIFS(_CALC_ALLOC!$AI$1:$AI$175,_CALC_ALLOC!$A$1:$A$175,"2026",_CALC_ALLOC!$B$1:$B$175,"IPAC_NAN") -> 0 | F63: =SUMIFS(_CALC_ALLOC!$AJ$1:$AJ$175,_CALC_ALLOC!$A$1:$A$175,"2026",_CALC_ALLOC!$B$1:$B$175,"IPAC_NAN") -> 0 | G63: =SUMIFS(_CALC_ALLOC!$AK$1:$AK$175,_CALC_ALLOC!$A$1:$A$175,"2026",_CALC_ALLOC!$B$1:$B$175,"IPAC_NAN") -> 0 | H63: =SUMIFS(_CALC_ALLOC!$AL$1:$AL$175,_CALC_ALLOC!$A$1:$A$175,"2026",_CALC_ALLOC!$B$1:$B$175,"IPAC_NAN") -> 0 | I63: =SUMIFS(_CALC_ALLOC!$AR$1:$AR$175,_CALC_ALLOC!$A$1:$A$175,"2026",_CALC_ALLOC!$B$1:$B$175,"IPAC_NAN") -> 0 | J63: =SUMIFS(_CALC_ALLOC!$AM$1:$AM$175,_CALC_ALLOC!$A$1:$A$175,"2026",_CALC_ALLOC!$B$1:$B$175,"IPAC_NAN") -> 0 | K63: =E63+F63+G63+H63+I63+J63 -> 0 | L63: =SUMIFS(_CALC_ALLOC!$AN$1:$AN$175,_CALC_ALLOC!$A$1:$A$175,"2026",_CALC_ALLOC!$B$1:$B$175,"IPAC_NAN") -> 0 | M63: =IFERROR(L63/D63,0) -> 0
B64: BAC_CCE B1 ALT | C64: =SUMIFS(_CALC_ALLOC!$G$1:$G$175,_CALC_ALLOC!$A$1:$A$175,"2026",_CALC_ALLOC!$B$1:$B$175,"IPAC_NAN",_CALC_ALLOC!$D$1:$D$175,"BAC_CCE",_CALC_ALLOC!$E$1:$E$175,"B1",_CALC_ALLOC!$F$1:$F$175,"ALT") -> 0 | D64: =SUMIFS(_CALC_ALLOC!$I$1:$I$175,_CALC_ALLOC!$A$1:$A$175,"2026",_CALC_ALLOC!$B$1:$B$175,"IPAC_NAN",_CALC_ALLOC!$D$1:$D$175,"BAC_CCE",_CALC_ALLOC!$E$1:$E$175,"B1",_CALC_ALLOC!$F$1:$F$175,"ALT") -> 0 | E64: =SUMIFS(_CALC_ALLOC!$AI$1:$AI$175,_CALC_ALLOC!$A$1:$A$175,"2026",_CALC_ALLOC!$B$1:$B$175,"IPAC_NAN",_CALC_ALLOC!$D$1:$D$175,"BAC_CCE",_CALC_ALLOC!$E$1:$E$175,"B1",_CALC_ALLOC!$F$1:$F$175,"ALT") -> 0 | F64: =SUMIFS(_CALC_ALLOC!$AJ$1:$AJ$175,_CALC_ALLOC!$A$1:$A$175,"2026",_CALC_ALLOC!$B$1:$B$175,"IPAC_NAN",_CALC_ALLOC!$D$1:$D$175,"BAC_CCE",_CALC_ALLOC!$E$1:$E$175,"B1",_CALC_ALLOC!$F$1:$F$175,"ALT") -> 0 | G64: =SUMIFS(_CALC_ALLOC!$AK$1:$AK$175,_CALC_ALLOC!$A$1:$A$175,"2026",_CALC_ALLOC!$B$1:$B$175,"IPAC_NAN",_CALC_ALLOC!$D$1:$D$175,"BAC_CCE",_CALC_ALLOC!$E$1:$E$175,"B1",_CALC_ALLOC!$F$1:$F$175,"ALT") -> 0 | H64: =SUMIFS(_CALC_ALLOC!$AL$1:$AL$175,_CALC_ALLOC!$A$1:$A$175,"2026",_CALC_ALLOC!$B$1:$B$175,"IPAC_NAN",_CALC_ALLOC!$D$1:$D$175,"BAC_CCE",_CALC_ALLOC!$E$1:$E$175,"B1",_CALC_ALLOC!$F$1:$F$175,"ALT") -> 0 | I64: =SUMIFS(_CALC_ALLOC!$AR$1:$AR$175,_CALC_ALLOC!$A$1:$A$175,"2026",_CALC_ALLOC!$B$1:$B$175,"IPAC_NAN",_CALC_ALLOC!$D$1:$D$175,"BAC_CCE",_CALC_ALLOC!$E$1:$E$175,"B1",_CALC_ALLOC!$F$1:$F$175,"ALT") -> 0 | J64: =SUMIFS(_CALC_ALLOC!$AM$1:$AM$175,_CALC_ALLOC!$A$1:$A$175,"2026",_CALC_ALLOC!$B$1:$B$175,"IPAC_NAN",_CALC_ALLOC!$D$1:$D$175,"BAC_CCE",_CALC_ALLOC!$E$1:$E$175,"B1",_CALC_ALLOC!$F$1:$F$175,"ALT") -> 0 | K64: =E64+F64+G64+H64+I64+J64 -> 0 | L64: =SUMIFS(_CALC_ALLOC!$AN$1:$AN$175,_CALC_ALLOC!$A$1:$A$175,"2026",_CALC_ALLOC!$B$1:$B$175,"IPAC_NAN",_CALC_ALLOC!$D$1:$D$175,"BAC_CCE",_CALC_ALLOC!$E$1:$E$175,"B1",_CALC_ALLOC!$F$1:$F$175,"ALT") -> 0 | M64: =IFERROR(L64/D64,0) -> 0
B65: BAC_CCE B2 ALT | C65: =SUMIFS(_CALC_ALLOC!$G$1:$G$175,_CALC_ALLOC!$A$1:$A$175,"2026",_CALC_ALLOC!$B$1:$B$175,"IPAC_NAN",_CALC_ALLOC!$D$1:$D$175,"BAC_CCE",_CALC_ALLOC!$E$1:$E$175,"B2",_CALC_ALLOC!$F$1:$F$175,"ALT") -> 0 | D65: =SUMIFS(_CALC_ALLOC!$I$1:$I$175,_CALC_ALLOC!$A$1:$A$175,"2026",_CALC_ALLOC!$B$1:$B$175,"IPAC_NAN",_CALC_ALLOC!$D$1:$D$175,"BAC_CCE",_CALC_ALLOC!$E$1:$E$175,"B2",_CALC_ALLOC!$F$1:$F$175,"ALT") -> 0 | E65: =SUMIFS(_CALC_ALLOC!$AI$1:$AI$175,_CALC_ALLOC!$A$1:$A$175,"2026",_CALC_ALLOC!$B$1:$B$175,"IPAC_NAN",_CALC_ALLOC!$D$1:$D$175,"BAC_CCE",_CALC_ALLOC!$E$1:$E$175,"B2",_CALC_ALLOC!$F$1:$F$175,"ALT") -> 0 | F65: =SUMIFS(_CALC_ALLOC!$AJ$1:$AJ$175,_CALC_ALLOC!$A$1:$A$175,"2026",_CALC_ALLOC!$B$1:$B$175,"IPAC_NAN",_CALC_ALLOC!$D$1:$D$175,"BAC_CCE",_CALC_ALLOC!$E$1:$E$175,"B2",_CALC_ALLOC!$F$1:$F$175,"ALT") -> 0 | G65: =SUMIFS(_CALC_ALLOC!$AK$1:$AK$175,_CALC_ALLOC!$A$1:$A$175,"2026",_CALC_ALLOC!$B$1:$B$175,"IPAC_NAN",_CALC_ALLOC!$D$1:$D$175,"BAC_CCE",_CALC_ALLOC!$E$1:$E$175,"B2",_CALC_ALLOC!$F$1:$F$175,"ALT") -> 0 | H65: =SUMIFS(_CALC_ALLOC!$AL$1:$AL$175,_CALC_ALLOC!$A$1:$A$175,"2026",_CALC_ALLOC!$B$1:$B$175,"IPAC_NAN",_CALC_ALLOC!$D$1:$D$175,"BAC_CCE",_CALC_ALLOC!$E$1:$E$175,"B2",_CALC_ALLOC!$F$1:$F$175,"ALT") -> 0 | I65: =SUMIFS(_CALC_ALLOC!$AR$1:$AR$175,_CALC_ALLOC!$A$1:$A$175,"2026",_CALC_ALLOC!$B$1:$B$175,"IPAC_NAN",_CALC_ALLOC!$D$1:$D$175,"BAC_CCE",_CALC_ALLOC!$E$1:$E$175,"B2",_CALC_ALLOC!$F$1:$F$175,"ALT") -> 0 | J65: =SUMIFS(_CALC_ALLOC!$AM$1:$AM$175,_CALC_ALLOC!$A$1:$A$175,"2026",_CALC_ALLOC!$B$1:$B$175,"IPAC_NAN",_CALC_ALLOC!$D$1:$D$175,"BAC_CCE",_CALC_ALLOC!$E$1:$E$175,"B2",_CALC_ALLOC!$F$1:$F$175,"ALT") -> 0 | K65: =E65+F65+G65+H65+I65+J65 -> 0 | L65: =SUMIFS(_CALC_ALLOC!$AN$1:$AN$175,_CALC_ALLOC!$A$1:$A$175,"2026",_CALC_ALLOC!$B$1:$B$175,"IPAC_NAN",_CALC_ALLOC!$D$1:$D$175,"BAC_CCE",_CALC_ALLOC!$E$1:$E$175,"B2",_CALC_ALLOC!$F$1:$F$175,"ALT") -> 0 | M65: =IFERROR(L65/D65,0) -> 0
B66: BAC_CCE B3 ALT | C66: =SUMIFS(_CALC_ALLOC!$G$1:$G$175,_CALC_ALLOC!$A$1:$A$175,"2026",_CALC_ALLOC!$B$1:$B$175,"IPAC_NAN",_CALC_ALLOC!$D$1:$D$175,"BAC_CCE",_CALC_ALLOC!$E$1:$E$175,"B3",_CALC_ALLOC!$F$1:$F$175,"ALT") -> 0 | D66: =SUMIFS(_CALC_ALLOC!$I$1:$I$175,_CALC_ALLOC!$A$1:$A$175,"2026",_CALC_ALLOC!$B$1:$B$175,"IPAC_NAN",_CALC_ALLOC!$D$1:$D$175,"BAC_CCE",_CALC_ALLOC!$E$1:$E$175,"B3",_CALC_ALLOC!$F$1:$F$175,"ALT") -> 0 | E66: =SUMIFS(_CALC_ALLOC!$AI$1:$AI$175,_CALC_ALLOC!$A$1:$A$175,"2026",_CALC_ALLOC!$B$1:$B$175,"IPAC_NAN",_CALC_ALLOC!$D$1:$D$175,"BAC_CCE",_CALC_ALLOC!$E$1:$E$175,"B3",_CALC_ALLOC!$F$1:$F$175,"ALT") -> 0 | F66: =SUMIFS(_CALC_ALLOC!$AJ$1:$AJ$175,_CALC_ALLOC!$A$1:$A$175,"2026",_CALC_ALLOC!$B$1:$B$175,"IPAC_NAN",_CALC_ALLOC!$D$1:$D$175,"BAC_CCE",_CALC_ALLOC!$E$1:$E$175,"B3",_CALC_ALLOC!$F$1:$F$175,"ALT") -> 0 | G66: =SUMIFS(_CALC_ALLOC!$AK$1:$AK$175,_CALC_ALLOC!$A$1:$A$175,"2026",_CALC_ALLOC!$B$1:$B$175,"IPAC_NAN",_CALC_ALLOC!$D$1:$D$175,"BAC_CCE",_CALC_ALLOC!$E$1:$E$175,"B3",_CALC_ALLOC!$F$1:$F$175,"ALT") -> 0 | H66: =SUMIFS(_CALC_ALLOC!$AL$1:$AL$175,_CALC_ALLOC!$A$1:$A$175,"2026",_CALC_ALLOC!$B$1:$B$175,"IPAC_NAN",_CALC_ALLOC!$D$1:$D$175,"BAC_CCE",_CALC_ALLOC!$E$1:$E$175,"B3",_CALC_ALLOC!$F$1:$F$175,"ALT") -> 0 | I66: =SUMIFS(_CALC_ALLOC!$AR$1:$AR$175,_CALC_ALLOC!$A$1:$A$175,"2026",_CALC_ALLOC!$B$1:$B$175,"IPAC_NAN",_CALC_ALLOC!$D$1:$D$175,"BAC_CCE",_CALC_ALLOC!$E$1:$E$175,"B3",_CALC_ALLOC!$F$1:$F$175,"ALT") -> 0 | J66: =SUMIFS(_CALC_ALLOC!$AM$1:$AM$175,_CALC_ALLOC!$A$1:$A$175,"2026",_CALC_ALLOC!$B$1:$B$175,"IPAC_NAN",_CALC_ALLOC!$D$1:$D$175,"BAC_CCE",_CALC_ALLOC!$E$1:$E$175,"B3",_CALC_ALLOC!$F$1:$F$175,"ALT") -> 0 | K66: =E66+F66+G66+H66+I66+J66 -> 0 | L66: =SUMIFS(_CALC_ALLOC!$AN$1:$AN$175,_CALC_ALLOC!$A$1:$A$175,"2026",_CALC_ALLOC!$B$1:$B$175,"IPAC_NAN",_CALC_ALLOC!$D$1:$D$175,"BAC_CCE",_CALC_ALLOC!$E$1:$E$175,"B3",_CALC_ALLOC!$F$1:$F$175,"ALT") -> 0 | M66: =IFERROR(L66/D66,0) -> 0
B67: Rennes (IPAC_REN) | C67: =SUMIFS(_CALC_ALLOC!$G$1:$G$175,_CALC_ALLOC!$A$1:$A$175,"2026",_CALC_ALLOC!$B$1:$B$175,"IPAC_REN") -> 0 | D67: =SUMIFS(_CALC_ALLOC!$I$1:$I$175,_CALC_ALLOC!$A$1:$A$175,"2026",_CALC_ALLOC!$B$1:$B$175,"IPAC_REN") -> 0 | E67: =SUMIFS(_CALC_ALLOC!$AI$1:$AI$175,_CALC_ALLOC!$A$1:$A$175,"2026",_CALC_ALLOC!$B$1:$B$175,"IPAC_REN") -> 0 | F67: =SUMIFS(_CALC_ALLOC!$AJ$1:$AJ$175,_CALC_ALLOC!$A$1:$A$175,"2026",_CALC_ALLOC!$B$1:$B$175,"IPAC_REN") -> 0 | G67: =SUMIFS(_CALC_ALLOC!$AK$1:$AK$175,_CALC_ALLOC!$A$1:$A$175,"2026",_CALC_ALLOC!$B$1:$B$175,"IPAC_REN") -> 0 | H67: =SUMIFS(_CALC_ALLOC!$AL$1:$AL$175,_CALC_ALLOC!$A$1:$A$175,"2026",_CALC_ALLOC!$B$1:$B$175,"IPAC_REN") -> 0 | I67: =SUMIFS(_CALC_ALLOC!$AR$1:$AR$175,_CALC_ALLOC!$A$1:$A$175,"2026",_CALC_ALLOC!$B$1:$B$175,"IPAC_REN") -> 0 | J67: =SUMIFS(_CALC_ALLOC!$AM$1:$AM$175,_CALC_ALLOC!$A$1:$A$175,"2026",_CALC_ALLOC!$B$1:$B$175,"IPAC_REN") -> 0 | K67: =E67+F67+G67+H67+I67+J67 -> 0 | L67: =SUMIFS(_CALC_ALLOC!$AN$1:$AN$175,_CALC_ALLOC!$A$1:$A$175,"2026",_CALC_ALLOC!$B$1:$B$175,"IPAC_REN") -> 0 | M67: =IFERROR(L67/D67,0) -> 0
B68: BAC_CCE B1 ALT | C68: =SUMIFS(_CALC_ALLOC!$G$1:$G$175,_CALC_ALLOC!$A$1:$A$175,"2026",_CALC_ALLOC!$B$1:$B$175,"IPAC_REN",_CALC_ALLOC!$D$1:$D$175,"BAC_CCE",_CALC_ALLOC!$E$1:$E$175,"B1",_CALC_ALLOC!$F$1:$F$175,"ALT") -> 0 | D68: =SUMIFS(_CALC_ALLOC!$I$1:$I$175,_CALC_ALLOC!$A$1:$A$175,"2026",_CALC_ALLOC!$B$1:$B$175,"IPAC_REN",_CALC_ALLOC!$D$1:$D$175,"BAC_CCE",_CALC_ALLOC!$E$1:$E$175,"B1",_CALC_ALLOC!$F$1:$F$175,"ALT") -> 0 | E68: =SUMIFS(_CALC_ALLOC!$AI$1:$AI$175,_CALC_ALLOC!$A$1:$A$175,"2026",_CALC_ALLOC!$B$1:$B$175,"IPAC_REN",_CALC_ALLOC!$D$1:$D$175,"BAC_CCE",_CALC_ALLOC!$E$1:$E$175,"B1",_CALC_ALLOC!$F$1:$F$175,"ALT") -> 0 | F68: =SUMIFS(_CALC_ALLOC!$AJ$1:$AJ$175,_CALC_ALLOC!$A$1:$A$175,"2026",_CALC_ALLOC!$B$1:$B$175,"IPAC_REN",_CALC_ALLOC!$D$1:$D$175,"BAC_CCE",_CALC_ALLOC!$E$1:$E$175,"B1",_CALC_ALLOC!$F$1:$F$175,"ALT") -> 0 | G68: =SUMIFS(_CALC_ALLOC!$AK$1:$AK$175,_CALC_ALLOC!$A$1:$A$175,"2026",_CALC_ALLOC!$B$1:$B$175,"IPAC_REN",_CALC_ALLOC!$D$1:$D$175,"BAC_CCE",_CALC_ALLOC!$E$1:$E$175,"B1",_CALC_ALLOC!$F$1:$F$175,"ALT") -> 0 | H68: =SUMIFS(_CALC_ALLOC!$AL$1:$AL$175,_CALC_ALLOC!$A$1:$A$175,"2026",_CALC_ALLOC!$B$1:$B$175,"IPAC_REN",_CALC_ALLOC!$D$1:$D$175,"BAC_CCE",_CALC_ALLOC!$E$1:$E$175,"B1",_CALC_ALLOC!$F$1:$F$175,"ALT") -> 0 | I68: =SUMIFS(_CALC_ALLOC!$AR$1:$AR$175,_CALC_ALLOC!$A$1:$A$175,"2026",_CALC_ALLOC!$B$1:$B$175,"IPAC_REN",_CALC_ALLOC!$D$1:$D$175,"BAC_CCE",_CALC_ALLOC!$E$1:$E$175,"B1",_CALC_ALLOC!$F$1:$F$175,"ALT") -> 0 | J68: =SUMIFS(_CALC_ALLOC!$AM$1:$AM$175,_CALC_ALLOC!$A$1:$A$175,"2026",_CALC_ALLOC!$B$1:$B$175,"IPAC_REN",_CALC_ALLOC!$D$1:$D$175,"BAC_CCE",_CALC_ALLOC!$E$1:$E$175,"B1",_CALC_ALLOC!$F$1:$F$175,"ALT") -> 0 | K68: =E68+F68+G68+H68+I68+J68 -> 0 | L68: =SUMIFS(_CALC_ALLOC!$AN$1:$AN$175,_CALC_ALLOC!$A$1:$A$175,"2026",_CALC_ALLOC!$B$1:$B$175,"IPAC_REN",_CALC_ALLOC!$D$1:$D$175,"BAC_CCE",_CALC_ALLOC!$E$1:$E$175,"B1",_CALC_ALLOC!$F$1:$F$175,"ALT") -> 0 | M68: =IFERROR(L68/D68,0) -> 0
B69: BAC_CCE B2 ALT | C69: =SUMIFS(_CALC_ALLOC!$G$1:$G$175,_CALC_ALLOC!$A$1:$A$175,"2026",_CALC_ALLOC!$B$1:$B$175,"IPAC_REN",_CALC_ALLOC!$D$1:$D$175,"BAC_CCE",_CALC_ALLOC!$E$1:$E$175,"B2",_CALC_ALLOC!$F$1:$F$175,"ALT") -> 0 | D69: =SUMIFS(_CALC_ALLOC!$I$1:$I$175,_CALC_ALLOC!$A$1:$A$175,"2026",_CALC_ALLOC!$B$1:$B$175,"IPAC_REN",_CALC_ALLOC!$D$1:$D$175,"BAC_CCE",_CALC_ALLOC!$E$1:$E$175,"B2",_CALC_ALLOC!$F$1:$F$175,"ALT") -> 0 | E69: =SUMIFS(_CALC_ALLOC!$AI$1:$AI$175,_CALC_ALLOC!$A$1:$A$175,"2026",_CALC_ALLOC!$B$1:$B$175,"IPAC_REN",_CALC_ALLOC!$D$1:$D$175,"BAC_CCE",_CALC_ALLOC!$E$1:$E$175,"B2",_CALC_ALLOC!$F$1:$F$175,"ALT") -> 0 | F69: =SUMIFS(_CALC_ALLOC!$AJ$1:$AJ$175,_CALC_ALLOC!$A$1:$A$175,"2026",_CALC_ALLOC!$B$1:$B$175,"IPAC_REN",_CALC_ALLOC!$D$1:$D$175,"BAC_CCE",_CALC_ALLOC!$E$1:$E$175,"B2",_CALC_ALLOC!$F$1:$F$175,"ALT") -> 0 | G69: =SUMIFS(_CALC_ALLOC!$AK$1:$AK$175,_CALC_ALLOC!$A$1:$A$175,"2026",_CALC_ALLOC!$B$1:$B$175,"IPAC_REN",_CALC_ALLOC!$D$1:$D$175,"BAC_CCE",_CALC_ALLOC!$E$1:$E$175,"B2",_CALC_ALLOC!$F$1:$F$175,"ALT") -> 0 | H69: =SUMIFS(_CALC_ALLOC!$AL$1:$AL$175,_CALC_ALLOC!$A$1:$A$175,"2026",_CALC_ALLOC!$B$1:$B$175,"IPAC_REN",_CALC_ALLOC!$D$1:$D$175,"BAC_CCE",_CALC_ALLOC!$E$1:$E$175,"B2",_CALC_ALLOC!$F$1:$F$175,"ALT") -> 0 | I69: =SUMIFS(_CALC_ALLOC!$AR$1:$AR$175,_CALC_ALLOC!$A$1:$A$175,"2026",_CALC_ALLOC!$B$1:$B$175,"IPAC_REN",_CALC_ALLOC!$D$1:$D$175,"BAC_CCE",_CALC_ALLOC!$E$1:$E$175,"B2",_CALC_ALLOC!$F$1:$F$175,"ALT") -> 0 | J69: =SUMIFS(_CALC_ALLOC!$AM$1:$AM$175,_CALC_ALLOC!$A$1:$A$175,"2026",_CALC_ALLOC!$B$1:$B$175,"IPAC_REN",_CALC_ALLOC!$D$1:$D$175,"BAC_CCE",_CALC_ALLOC!$E$1:$E$175,"B2",_CALC_ALLOC!$F$1:$F$175,"ALT") -> 0 | K69: =E69+F69+G69+H69+I69+J69 -> 0 | L69: =SUMIFS(_CALC_ALLOC!$AN$1:$AN$175,_CALC_ALLOC!$A$1:$A$175,"2026",_CALC_ALLOC!$B$1:$B$175,"IPAC_REN",_CALC_ALLOC!$D$1:$D$175,"BAC_CCE",_CALC_ALLOC!$E$1:$E$175,"B2",_CALC_ALLOC!$F$1:$F$175,"ALT") -> 0 | M69: =IFERROR(L69/D69,0) -> 0
B70: BAC_CCE B3 ALT | C70: =SUMIFS(_CALC_ALLOC!$G$1:$G$175,_CALC_ALLOC!$A$1:$A$175,"2026",_CALC_ALLOC!$B$1:$B$175,"IPAC_REN",_CALC_ALLOC!$D$1:$D$175,"BAC_CCE",_CALC_ALLOC!$E$1:$E$175,"B3",_CALC_ALLOC!$F$1:$F$175,"ALT") -> 0 | D70: =SUMIFS(_CALC_ALLOC!$I$1:$I$175,_CALC_ALLOC!$A$1:$A$175,"2026",_CALC_ALLOC!$B$1:$B$175,"IPAC_REN",_CALC_ALLOC!$D$1:$D$175,"BAC_CCE",_CALC_ALLOC!$E$1:$E$175,"B3",_CALC_ALLOC!$F$1:$F$175,"ALT") -> 0 | E70: =SUMIFS(_CALC_ALLOC!$AI$1:$AI$175,_CALC_ALLOC!$A$1:$A$175,"2026",_CALC_ALLOC!$B$1:$B$175,"IPAC_REN",_CALC_ALLOC!$D$1:$D$175,"BAC_CCE",_CALC_ALLOC!$E$1:$E$175,"B3",_CALC_ALLOC!$F$1:$F$175,"ALT") -> 0 | F70: =SUMIFS(_CALC_ALLOC!$AJ$1:$AJ$175,_CALC_ALLOC!$A$1:$A$175,"2026",_CALC_ALLOC!$B$1:$B$175,"IPAC_REN",_CALC_ALLOC!$D$1:$D$175,"BAC_CCE",_CALC_ALLOC!$E$1:$E$175,"B3",_CALC_ALLOC!$F$1:$F$175,"ALT") -> 0 | G70: =SUMIFS(_CALC_ALLOC!$AK$1:$AK$175,_CALC_ALLOC!$A$1:$A$175,"2026",_CALC_ALLOC!$B$1:$B$175,"IPAC_REN",_CALC_ALLOC!$D$1:$D$175,"BAC_CCE",_CALC_ALLOC!$E$1:$E$175,"B3",_CALC_ALLOC!$F$1:$F$175,"ALT") -> 0 | H70: =SUMIFS(_CALC_ALLOC!$AL$1:$AL$175,_CALC_ALLOC!$A$1:$A$175,"2026",_CALC_ALLOC!$B$1:$B$175,"IPAC_REN",_CALC_ALLOC!$D$1:$D$175,"BAC_CCE",_CALC_ALLOC!$E$1:$E$175,"B3",_CALC_ALLOC!$F$1:$F$175,"ALT") -> 0 | I70: =SUMIFS(_CALC_ALLOC!$AR$1:$AR$175,_CALC_ALLOC!$A$1:$A$175,"2026",_CALC_ALLOC!$B$1:$B$175,"IPAC_REN",_CALC_ALLOC!$D$1:$D$175,"BAC_CCE",_CALC_ALLOC!$E$1:$E$175,"B3",_CALC_ALLOC!$F$1:$F$175,"ALT") -> 0 | J70: =SUMIFS(_CALC_ALLOC!$AM$1:$AM$175,_CALC_ALLOC!$A$1:$A$175,"2026",_CALC_ALLOC!$B$1:$B$175,"IPAC_REN",_CALC_ALLOC!$D$1:$D$175,"BAC_CCE",_CALC_ALLOC!$E$1:$E$175,"B3",_CALC_ALLOC!$F$1:$F$175,"ALT") -> 0 | K70: =E70+F70+G70+H70+I70+J70 -> 0 | L70: =SUMIFS(_CALC_ALLOC!$AN$1:$AN$175,_CALC_ALLOC!$A$1:$A$175,"2026",_CALC_ALLOC!$B$1:$B$175,"IPAC_REN",_CALC_ALLOC!$D$1:$D$175,"BAC_CCE",_CALC_ALLOC!$E$1:$E$175,"B3",_CALC_ALLOC!$F$1:$F$175,"ALT") -> 0 | M70: =IFERROR(L70/D70,0) -> 0
B71: Montpellier (IPAC_MTP) | C71: =SUMIFS(_CALC_ALLOC!$G$1:$G$175,_CALC_ALLOC!$A$1:$A$175,"2026",_CALC_ALLOC!$B$1:$B$175,"IPAC_MTP") -> 0 | D71: =SUMIFS(_CALC_ALLOC!$I$1:$I$175,_CALC_ALLOC!$A$1:$A$175,"2026",_CALC_ALLOC!$B$1:$B$175,"IPAC_MTP") -> 0 | E71: =SUMIFS(_CALC_ALLOC!$AI$1:$AI$175,_CALC_ALLOC!$A$1:$A$175,"2026",_CALC_ALLOC!$B$1:$B$175,"IPAC_MTP") -> 0 | F71: =SUMIFS(_CALC_ALLOC!$AJ$1:$AJ$175,_CALC_ALLOC!$A$1:$A$175,"2026",_CALC_ALLOC!$B$1:$B$175,"IPAC_MTP") -> 0 | G71: =SUMIFS(_CALC_ALLOC!$AK$1:$AK$175,_CALC_ALLOC!$A$1:$A$175,"2026",_CALC_ALLOC!$B$1:$B$175,"IPAC_MTP") -> 0 | H71: =SUMIFS(_CALC_ALLOC!$AL$1:$AL$175,_CALC_ALLOC!$A$1:$A$175,"2026",_CALC_ALLOC!$B$1:$B$175,"IPAC_MTP") -> 0 | I71: =SUMIFS(_CALC_ALLOC!$AR$1:$AR$175,_CALC_ALLOC!$A$1:$A$175,"2026",_CALC_ALLOC!$B$1:$B$175,"IPAC_MTP") -> 0 | J71: =SUMIFS(_CALC_ALLOC!$AM$1:$AM$175,_CALC_ALLOC!$A$1:$A$175,"2026",_CALC_ALLOC!$B$1:$B$175,"IPAC_MTP") -> 0 | K71: =E71+F71+G71+H71+I71+J71 -> 0 | L71: =SUMIFS(_CALC_ALLOC!$AN$1:$AN$175,_CALC_ALLOC!$A$1:$A$175,"2026",_CALC_ALLOC!$B$1:$B$175,"IPAC_MTP") -> 0 | M71: =IFERROR(L71/D71,0) -> 0
B72: BAC_CCE B1 ALT | C72: =SUMIFS(_CALC_ALLOC!$G$1:$G$175,_CALC_ALLOC!$A$1:$A$175,"2026",_CALC_ALLOC!$B$1:$B$175,"IPAC_MTP",_CALC_ALLOC!$D$1:$D$175,"BAC_CCE",_CALC_ALLOC!$E$1:$E$175,"B1",_CALC_ALLOC!$F$1:$F$175,"ALT") -> 0 | D72: =SUMIFS(_CALC_ALLOC!$I$1:$I$175,_CALC_ALLOC!$A$1:$A$175,"2026",_CALC_ALLOC!$B$1:$B$175,"IPAC_MTP",_CALC_ALLOC!$D$1:$D$175,"BAC_CCE",_CALC_ALLOC!$E$1:$E$175,"B1",_CALC_ALLOC!$F$1:$F$175,"ALT") -> 0 | E72: =SUMIFS(_CALC_ALLOC!$AI$1:$AI$175,_CALC_ALLOC!$A$1:$A$175,"2026",_CALC_ALLOC!$B$1:$B$175,"IPAC_MTP",_CALC_ALLOC!$D$1:$D$175,"BAC_CCE",_CALC_ALLOC!$E$1:$E$175,"B1",_CALC_ALLOC!$F$1:$F$175,"ALT") -> 0 | F72: =SUMIFS(_CALC_ALLOC!$AJ$1:$AJ$175,_CALC_ALLOC!$A$1:$A$175,"2026",_CALC_ALLOC!$B$1:$B$175,"IPAC_MTP",_CALC_ALLOC!$D$1:$D$175,"BAC_CCE",_CALC_ALLOC!$E$1:$E$175,"B1",_CALC_ALLOC!$F$1:$F$175,"ALT") -> 0 | G72: =SUMIFS(_CALC_ALLOC!$AK$1:$AK$175,_CALC_ALLOC!$A$1:$A$175,"2026",_CALC_ALLOC!$B$1:$B$175,"IPAC_MTP",_CALC_ALLOC!$D$1:$D$175,"BAC_CCE",_CALC_ALLOC!$E$1:$E$175,"B1",_CALC_ALLOC!$F$1:$F$175,"ALT") -> 0 | H72: =SUMIFS(_CALC_ALLOC!$AL$1:$AL$175,_CALC_ALLOC!$A$1:$A$175,"2026",_CALC_ALLOC!$B$1:$B$175,"IPAC_MTP",_CALC_ALLOC!$D$1:$D$175,"BAC_CCE",_CALC_ALLOC!$E$1:$E$175,"B1",_CALC_ALLOC!$F$1:$F$175,"ALT") -> 0 | I72: =SUMIFS(_CALC_ALLOC!$AR$1:$AR$175,_CALC_ALLOC!$A$1:$A$175,"2026",_CALC_ALLOC!$B$1:$B$175,"IPAC_MTP",_CALC_ALLOC!$D$1:$D$175,"BAC_CCE",_CALC_ALLOC!$E$1:$E$175,"B1",_CALC_ALLOC!$F$1:$F$175,"ALT") -> 0 | J72: =SUMIFS(_CALC_ALLOC!$AM$1:$AM$175,_CALC_ALLOC!$A$1:$A$175,"2026",_CALC_ALLOC!$B$1:$B$175,"IPAC_MTP",_CALC_ALLOC!$D$1:$D$175,"BAC_CCE",_CALC_ALLOC!$E$1:$E$175,"B1",_CALC_ALLOC!$F$1:$F$175,"ALT") -> 0 | K72: =E72+F72+G72+H72+I72+J72 -> 0 | L72: =SUMIFS(_CALC_ALLOC!$AN$1:$AN$175,_CALC_ALLOC!$A$1:$A$175,"2026",_CALC_ALLOC!$B$1:$B$175,"IPAC_MTP",_CALC_ALLOC!$D$1:$D$175,"BAC_CCE",_CALC_ALLOC!$E$1:$E$175,"B1",_CALC_ALLOC!$F$1:$F$175,"ALT") -> 0 | M72: =IFERROR(L72/D72,0) -> 0
B73: BAC_CCE B2 ALT | C73: =SUMIFS(_CALC_ALLOC!$G$1:$G$175,_CALC_ALLOC!$A$1:$A$175,"2026",_CALC_ALLOC!$B$1:$B$175,"IPAC_MTP",_CALC_ALLOC!$D$1:$D$175,"BAC_CCE",_CALC_ALLOC!$E$1:$E$175,"B2",_CALC_ALLOC!$F$1:$F$175,"ALT") -> 0 | D73: =SUMIFS(_CALC_ALLOC!$I$1:$I$175,_CALC_ALLOC!$A$1:$A$175,"2026",_CALC_ALLOC!$B$1:$B$175,"IPAC_MTP",_CALC_ALLOC!$D$1:$D$175,"BAC_CCE",_CALC_ALLOC!$E$1:$E$175,"B2",_CALC_ALLOC!$F$1:$F$175,"ALT") -> 0 | E73: =SUMIFS(_CALC_ALLOC!$AI$1:$AI$175,_CALC_ALLOC!$A$1:$A$175,"2026",_CALC_ALLOC!$B$1:$B$175,"IPAC_MTP",_CALC_ALLOC!$D$1:$D$175,"BAC_CCE",_CALC_ALLOC!$E$1:$E$175,"B2",_CALC_ALLOC!$F$1:$F$175,"ALT") -> 0 | F73: =SUMIFS(_CALC_ALLOC!$AJ$1:$AJ$175,_CALC_ALLOC!$A$1:$A$175,"2026",_CALC_ALLOC!$B$1:$B$175,"IPAC_MTP",_CALC_ALLOC!$D$1:$D$175,"BAC_CCE",_CALC_ALLOC!$E$1:$E$175,"B2",_CALC_ALLOC!$F$1:$F$175,"ALT") -> 0 | G73: =SUMIFS(_CALC_ALLOC!$AK$1:$AK$175,_CALC_ALLOC!$A$1:$A$175,"2026",_CALC_ALLOC!$B$1:$B$175,"IPAC_MTP",_CALC_ALLOC!$D$1:$D$175,"BAC_CCE",_CALC_ALLOC!$E$1:$E$175,"B2",_CALC_ALLOC!$F$1:$F$175,"ALT") -> 0 | H73: =SUMIFS(_CALC_ALLOC!$AL$1:$AL$175,_CALC_ALLOC!$A$1:$A$175,"2026",_CALC_ALLOC!$B$1:$B$175,"IPAC_MTP",_CALC_ALLOC!$D$1:$D$175,"BAC_CCE",_CALC_ALLOC!$E$1:$E$175,"B2",_CALC_ALLOC!$F$1:$F$175,"ALT") -> 0 | I73: =SUMIFS(_CALC_ALLOC!$AR$1:$AR$175,_CALC_ALLOC!$A$1:$A$175,"2026",_CALC_ALLOC!$B$1:$B$175,"IPAC_MTP",_CALC_ALLOC!$D$1:$D$175,"BAC_CCE",_CALC_ALLOC!$E$1:$E$175,"B2",_CALC_ALLOC!$F$1:$F$175,"ALT") -> 0 | J73: =SUMIFS(_CALC_ALLOC!$AM$1:$AM$175,_CALC_ALLOC!$A$1:$A$175,"2026",_CALC_ALLOC!$B$1:$B$175,"IPAC_MTP",_CALC_ALLOC!$D$1:$D$175,"BAC_CCE",_CALC_ALLOC!$E$1:$E$175,"B2",_CALC_ALLOC!$F$1:$F$175,"ALT") -> 0 | K73: =E73+F73+G73+H73+I73+J73 -> 0 | L73: =SUMIFS(_CALC_ALLOC!$AN$1:$AN$175,_CALC_ALLOC!$A$1:$A$175,"2026",_CALC_ALLOC!$B$1:$B$175,"IPAC_MTP",_CALC_ALLOC!$D$1:$D$175,"BAC_CCE",_CALC_ALLOC!$E$1:$E$175,"B2",_CALC_ALLOC!$F$1:$F$175,"ALT") -> 0 | M73: =IFERROR(L73/D73,0) -> 0
B74: BAC_CCE B3 ALT | C74: =SUMIFS(_CALC_ALLOC!$G$1:$G$175,_CALC_ALLOC!$A$1:$A$175,"2026",_CALC_ALLOC!$B$1:$B$175,"IPAC_MTP",_CALC_ALLOC!$D$1:$D$175,"BAC_CCE",_CALC_ALLOC!$E$1:$E$175,"B3",_CALC_ALLOC!$F$1:$F$175,"ALT") -> 0 | D74: =SUMIFS(_CALC_ALLOC!$I$1:$I$175,_CALC_ALLOC!$A$1:$A$175,"2026",_CALC_ALLOC!$B$1:$B$175,"IPAC_MTP",_CALC_ALLOC!$D$1:$D$175,"BAC_CCE",_CALC_ALLOC!$E$1:$E$175,"B3",_CALC_ALLOC!$F$1:$F$175,"ALT") -> 0 | E74: =SUMIFS(_CALC_ALLOC!$AI$1:$AI$175,_CALC_ALLOC!$A$1:$A$175,"2026",_CALC_ALLOC!$B$1:$B$175,"IPAC_MTP",_CALC_ALLOC!$D$1:$D$175,"BAC_CCE",_CALC_ALLOC!$E$1:$E$175,"B3",_CALC_ALLOC!$F$1:$F$175,"ALT") -> 0 | F74: =SUMIFS(_CALC_ALLOC!$AJ$1:$AJ$175,_CALC_ALLOC!$A$1:$A$175,"2026",_CALC_ALLOC!$B$1:$B$175,"IPAC_MTP",_CALC_ALLOC!$D$1:$D$175,"BAC_CCE",_CALC_ALLOC!$E$1:$E$175,"B3",_CALC_ALLOC!$F$1:$F$175,"ALT") -> 0 | G74: =SUMIFS(_CALC_ALLOC!$AK$1:$AK$175,_CALC_ALLOC!$A$1:$A$175,"2026",_CALC_ALLOC!$B$1:$B$175,"IPAC_MTP",_CALC_ALLOC!$D$1:$D$175,"BAC_CCE",_CALC_ALLOC!$E$1:$E$175,"B3",_CALC_ALLOC!$F$1:$F$175,"ALT") -> 0 | H74: =SUMIFS(_CALC_ALLOC!$AL$1:$AL$175,_CALC_ALLOC!$A$1:$A$175,"2026",_CALC_ALLOC!$B$1:$B$175,"IPAC_MTP",_CALC_ALLOC!$D$1:$D$175,"BAC_CCE",_CALC_ALLOC!$E$1:$E$175,"B3",_CALC_ALLOC!$F$1:$F$175,"ALT") -> 0 | I74: =SUMIFS(_CALC_ALLOC!$AR$1:$AR$175,_CALC_ALLOC!$A$1:$A$175,"2026",_CALC_ALLOC!$B$1:$B$175,"IPAC_MTP",_CALC_ALLOC!$D$1:$D$175,"BAC_CCE",_CALC_ALLOC!$E$1:$E$175,"B3",_CALC_ALLOC!$F$1:$F$175,"ALT") -> 0 | J74: =SUMIFS(_CALC_ALLOC!$AM$1:$AM$175,_CALC_ALLOC!$A$1:$A$175,"2026",_CALC_ALLOC!$B$1:$B$175,"IPAC_MTP",_CALC_ALLOC!$D$1:$D$175,"BAC_CCE",_CALC_ALLOC!$E$1:$E$175,"B3",_CALC_ALLOC!$F$1:$F$175,"ALT") -> 0 | K74: =E74+F74+G74+H74+I74+J74 -> 0 | L74: =SUMIFS(_CALC_ALLOC!$AN$1:$AN$175,_CALC_ALLOC!$A$1:$A$175,"2026",_CALC_ALLOC!$B$1:$B$175,"IPAC_MTP",_CALC_ALLOC!$D$1:$D$175,"BAC_CCE",_CALC_ALLOC!$E$1:$E$175,"B3",_CALC_ALLOC!$F$1:$F$175,"ALT") -> 0 | M74: =IFERROR(L74/D74,0) -> 0
B75: Pigier | C75: =SUMIFS(_CALC_ALLOC!$G$1:$G$175,_CALC_ALLOC!$A$1:$A$175,"2026",_CALC_ALLOC!$C$1:$C$175,"PIGIER") -> 0 | D75: =SUMIFS(_CALC_ALLOC!$I$1:$I$175,_CALC_ALLOC!$A$1:$A$175,"2026",_CALC_ALLOC!$C$1:$C$175,"PIGIER") -> 0 | E75: =SUMIFS(_CALC_ALLOC!$AI$1:$AI$175,_CALC_ALLOC!$A$1:$A$175,"2026",_CALC_ALLOC!$C$1:$C$175,"PIGIER") -> 0 | F75: =SUMIFS(_CALC_ALLOC!$AJ$1:$AJ$175,_CALC_ALLOC!$A$1:$A$175,"2026",_CALC_ALLOC!$C$1:$C$175,"PIGIER") -> 0 | G75: =SUMIFS(_CALC_ALLOC!$AK$1:$AK$175,_CALC_ALLOC!$A$1:$A$175,"2026",_CALC_ALLOC!$C$1:$C$175,"PIGIER") -> 0 | H75: =SUMIFS(_CALC_ALLOC!$AL$1:$AL$175,_CALC_ALLOC!$A$1:$A$175,"2026",_CALC_ALLOC!$C$1:$C$175,"PIGIER") -> 0 | I75: =SUMIFS(_CALC_ALLOC!$AR$1:$AR$175,_CALC_ALLOC!$A$1:$A$175,"2026",_CALC_ALLOC!$C$1:$C$175,"PIGIER") -> 0 | J75: =SUMIFS(_CALC_ALLOC!$AM$1:$AM$175,_CALC_ALLOC!$A$1:$A$175,"2026",_CALC_ALLOC!$C$1:$C$175,"PIGIER") -> 0 | K75: =E75+F75+G75+H75+I75+J75 -> 0 | L75: =SUMIFS(_CALC_ALLOC!$AN$1:$AN$175,_CALC_ALLOC!$A$1:$A$175,"2026",_CALC_ALLOC!$C$1:$C$175,"PIGIER") -> 0 | M75: =IFERROR(L75/D75,0) -> 0
B76: Lyon (PIGIER_LYO) | C76: =SUMIFS(_CALC_ALLOC!$G$1:$G$175,_CALC_ALLOC!$A$1:$A$175,"2026",_CALC_ALLOC!$B$1:$B$175,"PIGIER_LYO") -> 0 | D76: =SUMIFS(_CALC_ALLOC!$I$1:$I$175,_CALC_ALLOC!$A$1:$A$175,"2026",_CALC_ALLOC!$B$1:$B$175,"PIGIER_LYO") -> 0 | E76: =SUMIFS(_CALC_ALLOC!$AI$1:$AI$175,_CALC_ALLOC!$A$1:$A$175,"2026",_CALC_ALLOC!$B$1:$B$175,"PIGIER_LYO") -> 0 | F76: =SUMIFS(_CALC_ALLOC!$AJ$1:$AJ$175,_CALC_ALLOC!$A$1:$A$175,"2026",_CALC_ALLOC!$B$1:$B$175,"PIGIER_LYO") -> 0 | G76: =SUMIFS(_CALC_ALLOC!$AK$1:$AK$175,_CALC_ALLOC!$A$1:$A$175,"2026",_CALC_ALLOC!$B$1:$B$175,"PIGIER_LYO") -> 0 | H76: =SUMIFS(_CALC_ALLOC!$AL$1:$AL$175,_CALC_ALLOC!$A$1:$A$175,"2026",_CALC_ALLOC!$B$1:$B$175,"PIGIER_LYO") -> 0 | I76: =SUMIFS(_CALC_ALLOC!$AR$1:$AR$175,_CALC_ALLOC!$A$1:$A$175,"2026",_CALC_ALLOC!$B$1:$B$175,"PIGIER_LYO") -> 0 | J76: =SUMIFS(_CALC_ALLOC!$AM$1:$AM$175,_CALC_ALLOC!$A$1:$A$175,"2026",_CALC_ALLOC!$B$1:$B$175,"PIGIER_LYO") -> 0 | K76: =E76+F76+G76+H76+I76+J76 -> 0 | L76: =SUMIFS(_CALC_ALLOC!$AN$1:$AN$175,_CALC_ALLOC!$A$1:$A$175,"2026",_CALC_ALLOC!$B$1:$B$175,"PIGIER_LYO") -> 0 | M76: =IFERROR(L76/D76,0) -> 0
B77: BTS_GES BTS1 ALT | C77: =SUMIFS(_CALC_ALLOC!$G$1:$G$175,_CALC_ALLOC!$A$1:$A$175,"2026",_CALC_ALLOC!$B$1:$B$175,"PIGIER_LYO",_CALC_ALLOC!$D$1:$D$175,"BTS_GES",_CALC_ALLOC!$E$1:$E$175,"BTS1",_CALC_ALLOC!$F$1:$F$175,"ALT") -> 0 | D77: =SUMIFS(_CALC_ALLOC!$I$1:$I$175,_CALC_ALLOC!$A$1:$A$175,"2026",_CALC_ALLOC!$B$1:$B$175,"PIGIER_LYO",_CALC_ALLOC!$D$1:$D$175,"BTS_GES",_CALC_ALLOC!$E$1:$E$175,"BTS1",_CALC_ALLOC!$F$1:$F$175,"ALT") -> 0 | E77: =SUMIFS(_CALC_ALLOC!$AI$1:$AI$175,_CALC_ALLOC!$A$1:$A$175,"2026",_CALC_ALLOC!$B$1:$B$175,"PIGIER_LYO",_CALC_ALLOC!$D$1:$D$175,"BTS_GES",_CALC_ALLOC!$E$1:$E$175,"BTS1",_CALC_ALLOC!$F$1:$F$175,"ALT") -> 0 | F77: =SUMIFS(_CALC_ALLOC!$AJ$1:$AJ$175,_CALC_ALLOC!$A$1:$A$175,"2026",_CALC_ALLOC!$B$1:$B$175,"PIGIER_LYO",_CALC_ALLOC!$D$1:$D$175,"BTS_GES",_CALC_ALLOC!$E$1:$E$175,"BTS1",_CALC_ALLOC!$F$1:$F$175,"ALT") -> 0 | G77: =SUMIFS(_CALC_ALLOC!$AK$1:$AK$175,_CALC_ALLOC!$A$1:$A$175,"2026",_CALC_ALLOC!$B$1:$B$175,"PIGIER_LYO",_CALC_ALLOC!$D$1:$D$175,"BTS_GES",_CALC_ALLOC!$E$1:$E$175,"BTS1",_CALC_ALLOC!$F$1:$F$175,"ALT") -> 0 | H77: =SUMIFS(_CALC_ALLOC!$AL$1:$AL$175,_CALC_ALLOC!$A$1:$A$175,"2026",_CALC_ALLOC!$B$1:$B$175,"PIGIER_LYO",_CALC_ALLOC!$D$1:$D$175,"BTS_GES",_CALC_ALLOC!$E$1:$E$175,"BTS1",_CALC_ALLOC!$F$1:$F$175,"ALT") -> 0 | I77: =SUMIFS(_CALC_ALLOC!$AR$1:$AR$175,_CALC_ALLOC!$A$1:$A$175,"2026",_CALC_ALLOC!$B$1:$B$175,"PIGIER_LYO",_CALC_ALLOC!$D$1:$D$175,"BTS_GES",_CALC_ALLOC!$E$1:$E$175,"BTS1",_CALC_ALLOC!$F$1:$F$175,"ALT") -> 0 | J77: =SUMIFS(_CALC_ALLOC!$AM$1:$AM$175,_CALC_ALLOC!$A$1:$A$175,"2026",_CALC_ALLOC!$B$1:$B$175,"PIGIER_LYO",_CALC_ALLOC!$D$1:$D$175,"BTS_GES",_CALC_ALLOC!$E$1:$E$175,"BTS1",_CALC_ALLOC!$F$1:$F$175,"ALT") -> 0 | K77: =E77+F77+G77+H77+I77+J77 -> 0 | L77: =SUMIFS(_CALC_ALLOC!$AN$1:$AN$175,_CALC_ALLOC!$A$1:$A$175,"2026",_CALC_ALLOC!$B$1:$B$175,"PIGIER_LYO",_CALC_ALLOC!$D$1:$D$175,"BTS_GES",_CALC_ALLOC!$E$1:$E$175,"BTS1",_CALC_ALLOC!$F$1:$F$175,"ALT") -> 0 | M77: =IFERROR(L77/D77,0) -> 0
B78: BTS_GES BTS2 ALT | C78: =SUMIFS(_CALC_ALLOC!$G$1:$G$175,_CALC_ALLOC!$A$1:$A$175,"2026",_CALC_ALLOC!$B$1:$B$175,"PIGIER_LYO",_CALC_ALLOC!$D$1:$D$175,"BTS_GES",_CALC_ALLOC!$E$1:$E$175,"BTS2",_CALC_ALLOC!$F$1:$F$175,"ALT") -> 0 | D78: =SUMIFS(_CALC_ALLOC!$I$1:$I$175,_CALC_ALLOC!$A$1:$A$175,"2026",_CALC_ALLOC!$B$1:$B$175,"PIGIER_LYO",_CALC_ALLOC!$D$1:$D$175,"BTS_GES",_CALC_ALLOC!$E$1:$E$175,"BTS2",_CALC_ALLOC!$F$1:$F$175,"ALT") -> 0 | E78: =SUMIFS(_CALC_ALLOC!$AI$1:$AI$175,_CALC_ALLOC!$A$1:$A$175,"2026",_CALC_ALLOC!$B$1:$B$175,"PIGIER_LYO",_CALC_ALLOC!$D$1:$D$175,"BTS_GES",_CALC_ALLOC!$E$1:$E$175,"BTS2",_CALC_ALLOC!$F$1:$F$175,"ALT") -> 0 | F78: =SUMIFS(_CALC_ALLOC!$AJ$1:$AJ$175,_CALC_ALLOC!$A$1:$A$175,"2026",_CALC_ALLOC!$B$1:$B$175,"PIGIER_LYO",_CALC_ALLOC!$D$1:$D$175,"BTS_GES",_CALC_ALLOC!$E$1:$E$175,"BTS2",_CALC_ALLOC!$F$1:$F$175,"ALT") -> 0 | G78: =SUMIFS(_CALC_ALLOC!$AK$1:$AK$175,_CALC_ALLOC!$A$1:$A$175,"2026",_CALC_ALLOC!$B$1:$B$175,"PIGIER_LYO",_CALC_ALLOC!$D$1:$D$175,"BTS_GES",_CALC_ALLOC!$E$1:$E$175,"BTS2",_CALC_ALLOC!$F$1:$F$175,"ALT") -> 0 | H78: =SUMIFS(_CALC_ALLOC!$AL$1:$AL$175,_CALC_ALLOC!$A$1:$A$175,"2026",_CALC_ALLOC!$B$1:$B$175,"PIGIER_LYO",_CALC_ALLOC!$D$1:$D$175,"BTS_GES",_CALC_ALLOC!$E$1:$E$175,"BTS2",_CALC_ALLOC!$F$1:$F$175,"ALT") -> 0 | I78: =SUMIFS(_CALC_ALLOC!$AR$1:$AR$175,_CALC_ALLOC!$A$1:$A$175,"2026",_CALC_ALLOC!$B$1:$B$175,"PIGIER_LYO",_CALC_ALLOC!$D$1:$D$175,"BTS_GES",_CALC_ALLOC!$E$1:$E$175,"BTS2",_CALC_ALLOC!$F$1:$F$175,"ALT") -> 0 | J78: =SUMIFS(_CALC_ALLOC!$AM$1:$AM$175,_CALC_ALLOC!$A$1:$A$175,"2026",_CALC_ALLOC!$B$1:$B$175,"PIGIER_LYO",_CALC_ALLOC!$D$1:$D$175,"BTS_GES",_CALC_ALLOC!$E$1:$E$175,"BTS2",_CALC_ALLOC!$F$1:$F$175,"ALT") -> 0 | K78: =E78+F78+G78+H78+I78+J78 -> 0 | L78: =SUMIFS(_CALC_ALLOC!$AN$1:$AN$175,_CALC_ALLOC!$A$1:$A$175,"2026",_CALC_ALLOC!$B$1:$B$175,"PIGIER_LYO",_CALC_ALLOC!$D$1:$D$175,"BTS_GES",_CALC_ALLOC!$E$1:$E$175,"BTS2",_CALC_ALLOC!$F$1:$F$175,"ALT") -> 0 | M78: =IFERROR(L78/D78,0) -> 0
B79: BAC_RH B1 ALT | C79: =SUMIFS(_CALC_ALLOC!$G$1:$G$175,_CALC_ALLOC!$A$1:$A$175,"2026",_CALC_ALLOC!$B$1:$B$175,"PIGIER_LYO",_CALC_ALLOC!$D$1:$D$175,"BAC_RH",_CALC_ALLOC!$E$1:$E$175,"B1",_CALC_ALLOC!$F$1:$F$175,"ALT") -> 0 | D79: =SUMIFS(_CALC_ALLOC!$I$1:$I$175,_CALC_ALLOC!$A$1:$A$175,"2026",_CALC_ALLOC!$B$1:$B$175,"PIGIER_LYO",_CALC_ALLOC!$D$1:$D$175,"BAC_RH",_CALC_ALLOC!$E$1:$E$175,"B1",_CALC_ALLOC!$F$1:$F$175,"ALT") -> 0 | E79: =SUMIFS(_CALC_ALLOC!$AI$1:$AI$175,_CALC_ALLOC!$A$1:$A$175,"2026",_CALC_ALLOC!$B$1:$B$175,"PIGIER_LYO",_CALC_ALLOC!$D$1:$D$175,"BAC_RH",_CALC_ALLOC!$E$1:$E$175,"B1",_CALC_ALLOC!$F$1:$F$175,"ALT") -> 0 | F79: =SUMIFS(_CALC_ALLOC!$AJ$1:$AJ$175,_CALC_ALLOC!$A$1:$A$175,"2026",_CALC_ALLOC!$B$1:$B$175,"PIGIER_LYO",_CALC_ALLOC!$D$1:$D$175,"BAC_RH",_CALC_ALLOC!$E$1:$E$175,"B1",_CALC_ALLOC!$F$1:$F$175,"ALT") -> 0 | G79: =SUMIFS(_CALC_ALLOC!$AK$1:$AK$175,_CALC_ALLOC!$A$1:$A$175,"2026",_CALC_ALLOC!$B$1:$B$175,"PIGIER_LYO",_CALC_ALLOC!$D$1:$D$175,"BAC_RH",_CALC_ALLOC!$E$1:$E$175,"B1",_CALC_ALLOC!$F$1:$F$175,"ALT") -> 0 | H79: =SUMIFS(_CALC_ALLOC!$AL$1:$AL$175,_CALC_ALLOC!$A$1:$A$175,"2026",_CALC_ALLOC!$B$1:$B$175,"PIGIER_LYO",_CALC_ALLOC!$D$1:$D$175,"BAC_RH",_CALC_ALLOC!$E$1:$E$175,"B1",_CALC_ALLOC!$F$1:$F$175,"ALT") -> 0 | I79: =SUMIFS(_CALC_ALLOC!$AR$1:$AR$175,_CALC_ALLOC!$A$1:$A$175,"2026",_CALC_ALLOC!$B$1:$B$175,"PIGIER_LYO",_CALC_ALLOC!$D$1:$D$175,"BAC_RH",_CALC_ALLOC!$E$1:$E$175,"B1",_CALC_ALLOC!$F$1:$F$175,"ALT") -> 0 | J79: =SUMIFS(_CALC_ALLOC!$AM$1:$AM$175,_CALC_ALLOC!$A$1:$A$175,"2026",_CALC_ALLOC!$B$1:$B$175,"PIGIER_LYO",_CALC_ALLOC!$D$1:$D$175,"BAC_RH",_CALC_ALLOC!$E$1:$E$175,"B1",_CALC_ALLOC!$F$1:$F$175,"ALT") -> 0 | K79: =E79+F79+G79+H79+I79+J79 -> 0 | L79: =SUMIFS(_CALC_ALLOC!$AN$1:$AN$175,_CALC_ALLOC!$A$1:$A$175,"2026",_CALC_ALLOC!$B$1:$B$175,"PIGIER_LYO",_CALC_ALLOC!$D$1:$D$175,"BAC_RH",_CALC_ALLOC!$E$1:$E$175,"B1",_CALC_ALLOC!$F$1:$F$175,"ALT") -> 0 | M79: =IFERROR(L79/D79,0) -> 0
B80: BAC_RH B3 ALT | C80: =SUMIFS(_CALC_ALLOC!$G$1:$G$175,_CALC_ALLOC!$A$1:$A$175,"2026",_CALC_ALLOC!$B$1:$B$175,"PIGIER_LYO",_CALC_ALLOC!$D$1:$D$175,"BAC_RH",_CALC_ALLOC!$E$1:$E$175,"B3",_CALC_ALLOC!$F$1:$F$175,"ALT") -> 0 | D80: =SUMIFS(_CALC_ALLOC!$I$1:$I$175,_CALC_ALLOC!$A$1:$A$175,"2026",_CALC_ALLOC!$B$1:$B$175,"PIGIER_LYO",_CALC_ALLOC!$D$1:$D$175,"BAC_RH",_CALC_ALLOC!$E$1:$E$175,"B3",_CALC_ALLOC!$F$1:$F$175,"ALT") -> 0 | E80: =SUMIFS(_CALC_ALLOC!$AI$1:$AI$175,_CALC_ALLOC!$A$1:$A$175,"2026",_CALC_ALLOC!$B$1:$B$175,"PIGIER_LYO",_CALC_ALLOC!$D$1:$D$175,"BAC_RH",_CALC_ALLOC!$E$1:$E$175,"B3",_CALC_ALLOC!$F$1:$F$175,"ALT") -> 0 | F80: =SUMIFS(_CALC_ALLOC!$AJ$1:$AJ$175,_CALC_ALLOC!$A$1:$A$175,"2026",_CALC_ALLOC!$B$1:$B$175,"PIGIER_LYO",_CALC_ALLOC!$D$1:$D$175,"BAC_RH",_CALC_ALLOC!$E$1:$E$175,"B3",_CALC_ALLOC!$F$1:$F$175,"ALT") -> 0 | G80: =SUMIFS(_CALC_ALLOC!$AK$1:$AK$175,_CALC_ALLOC!$A$1:$A$175,"2026",_CALC_ALLOC!$B$1:$B$175,"PIGIER_LYO",_CALC_ALLOC!$D$1:$D$175,"BAC_RH",_CALC_ALLOC!$E$1:$E$175,"B3",_CALC_ALLOC!$F$1:$F$175,"ALT") -> 0 | H80: =SUMIFS(_CALC_ALLOC!$AL$1:$AL$175,_CALC_ALLOC!$A$1:$A$175,"2026",_CALC_ALLOC!$B$1:$B$175,"PIGIER_LYO",_CALC_ALLOC!$D$1:$D$175,"BAC_RH",_CALC_ALLOC!$E$1:$E$175,"B3",_CALC_ALLOC!$F$1:$F$175,"ALT") -> 0 | I80: =SUMIFS(_CALC_ALLOC!$AR$1:$AR$175,_CALC_ALLOC!$A$1:$A$175,"2026",_CALC_ALLOC!$B$1:$B$175,"PIGIER_LYO",_CALC_ALLOC!$D$1:$D$175,"BAC_RH",_CALC_ALLOC!$E$1:$E$175,"B3",_CALC_ALLOC!$F$1:$F$175,"ALT") -> 0 | J80: =SUMIFS(_CALC_ALLOC!$AM$1:$AM$175,_CALC_ALLOC!$A$1:$A$175,"2026",_CALC_ALLOC!$B$1:$B$175,"PIGIER_LYO",_CALC_ALLOC!$D$1:$D$175,"BAC_RH",_CALC_ALLOC!$E$1:$E$175,"B3",_CALC_ALLOC!$F$1:$F$175,"ALT") -> 0 | K80: =E80+F80+G80+H80+I80+J80 -> 0 | L80: =SUMIFS(_CALC_ALLOC!$AN$1:$AN$175,_CALC_ALLOC!$A$1:$A$175,"2026",_CALC_ALLOC!$B$1:$B$175,"PIGIER_LYO",_CALC_ALLOC!$D$1:$D$175,"BAC_RH",_CALC_ALLOC!$E$1:$E$175,"B3",_CALC_ALLOC!$F$1:$F$175,"ALT") -> 0 | M80: =IFERROR(L80/D80,0) -> 0
B81: Bordeaux (PIGIER_BOR) | C81: =SUMIFS(_CALC_ALLOC!$G$1:$G$175,_CALC_ALLOC!$A$1:$A$175,"2026",_CALC_ALLOC!$B$1:$B$175,"PIGIER_BOR") -> 0 | D81: =SUMIFS(_CALC_ALLOC!$I$1:$I$175,_CALC_ALLOC!$A$1:$A$175,"2026",_CALC_ALLOC!$B$1:$B$175,"PIGIER_BOR") -> 0 | E81: =SUMIFS(_CALC_ALLOC!$AI$1:$AI$175,_CALC_ALLOC!$A$1:$A$175,"2026",_CALC_ALLOC!$B$1:$B$175,"PIGIER_BOR") -> 0 | F81: =SUMIFS(_CALC_ALLOC!$AJ$1:$AJ$175,_CALC_ALLOC!$A$1:$A$175,"2026",_CALC_ALLOC!$B$1:$B$175,"PIGIER_BOR") -> 0 | G81: =SUMIFS(_CALC_ALLOC!$AK$1:$AK$175,_CALC_ALLOC!$A$1:$A$175,"2026",_CALC_ALLOC!$B$1:$B$175,"PIGIER_BOR") -> 0 | H81: =SUMIFS(_CALC_ALLOC!$AL$1:$AL$175,_CALC_ALLOC!$A$1:$A$175,"2026",_CALC_ALLOC!$B$1:$B$175,"PIGIER_BOR") -> 0 | I81: =SUMIFS(_CALC_ALLOC!$AR$1:$AR$175,_CALC_ALLOC!$A$1:$A$175,"2026",_CALC_ALLOC!$B$1:$B$175,"PIGIER_BOR") -> 0 | J81: =SUMIFS(_CALC_ALLOC!$AM$1:$AM$175,_CALC_ALLOC!$A$1:$A$175,"2026",_CALC_ALLOC!$B$1:$B$175,"PIGIER_BOR") -> 0 | K81: =E81+F81+G81+H81+I81+J81 -> 0 | L81: =SUMIFS(_CALC_ALLOC!$AN$1:$AN$175,_CALC_ALLOC!$A$1:$A$175,"2026",_CALC_ALLOC!$B$1:$B$175,"PIGIER_BOR") -> 0 | M81: =IFERROR(L81/D81,0) -> 0
B82: BTS_GES BTS1 ALT | C82: =SUMIFS(_CALC_ALLOC!$G$1:$G$175,_CALC_ALLOC!$A$1:$A$175,"2026",_CALC_ALLOC!$B$1:$B$175,"PIGIER_BOR",_CALC_ALLOC!$D$1:$D$175,"BTS_GES",_CALC_ALLOC!$E$1:$E$175,"BTS1",_CALC_ALLOC!$F$1:$F$175,"ALT") -> 0 | D82: =SUMIFS(_CALC_ALLOC!$I$1:$I$175,_CALC_ALLOC!$A$1:$A$175,"2026",_CALC_ALLOC!$B$1:$B$175,"PIGIER_BOR",_CALC_ALLOC!$D$1:$D$175,"BTS_GES",_CALC_ALLOC!$E$1:$E$175,"BTS1",_CALC_ALLOC!$F$1:$F$175,"ALT") -> 0 | E82: =SUMIFS(_CALC_ALLOC!$AI$1:$AI$175,_CALC_ALLOC!$A$1:$A$175,"2026",_CALC_ALLOC!$B$1:$B$175,"PIGIER_BOR",_CALC_ALLOC!$D$1:$D$175,"BTS_GES",_CALC_ALLOC!$E$1:$E$175,"BTS1",_CALC_ALLOC!$F$1:$F$175,"ALT") -> 0 | F82: =SUMIFS(_CALC_ALLOC!$AJ$1:$AJ$175,_CALC_ALLOC!$A$1:$A$175,"2026",_CALC_ALLOC!$B$1:$B$175,"PIGIER_BOR",_CALC_ALLOC!$D$1:$D$175,"BTS_GES",_CALC_ALLOC!$E$1:$E$175,"BTS1",_CALC_ALLOC!$F$1:$F$175,"ALT") -> 0 | G82: =SUMIFS(_CALC_ALLOC!$AK$1:$AK$175,_CALC_ALLOC!$A$1:$A$175,"2026",_CALC_ALLOC!$B$1:$B$175,"PIGIER_BOR",_CALC_ALLOC!$D$1:$D$175,"BTS_GES",_CALC_ALLOC!$E$1:$E$175,"BTS1",_CALC_ALLOC!$F$1:$F$175,"ALT") -> 0 | H82: =SUMIFS(_CALC_ALLOC!$AL$1:$AL$175,_CALC_ALLOC!$A$1:$A$175,"2026",_CALC_ALLOC!$B$1:$B$175,"PIGIER_BOR",_CALC_ALLOC!$D$1:$D$175,"BTS_GES",_CALC_ALLOC!$E$1:$E$175,"BTS1",_CALC_ALLOC!$F$1:$F$175,"ALT") -> 0 | I82: =SUMIFS(_CALC_ALLOC!$AR$1:$AR$175,_CALC_ALLOC!$A$1:$A$175,"2026",_CALC_ALLOC!$B$1:$B$175,"PIGIER_BOR",_CALC_ALLOC!$D$1:$D$175,"BTS_GES",_CALC_ALLOC!$E$1:$E$175,"BTS1",_CALC_ALLOC!$F$1:$F$175,"ALT") -> 0 | J82: =SUMIFS(_CALC_ALLOC!$AM$1:$AM$175,_CALC_ALLOC!$A$1:$A$175,"2026",_CALC_ALLOC!$B$1:$B$175,"PIGIER_BOR",_CALC_ALLOC!$D$1:$D$175,"BTS_GES",_CALC_ALLOC!$E$1:$E$175,"BTS1",_CALC_ALLOC!$F$1:$F$175,"ALT") -> 0 | K82: =E82+F82+G82+H82+I82+J82 -> 0 | L82: =SUMIFS(_CALC_ALLOC!$AN$1:$AN$175,_CALC_ALLOC!$A$1:$A$175,"2026",_CALC_ALLOC!$B$1:$B$175,"PIGIER_BOR",_CALC_ALLOC!$D$1:$D$175,"BTS_GES",_CALC_ALLOC!$E$1:$E$175,"BTS1",_CALC_ALLOC!$F$1:$F$175,"ALT") -> 0 | M82: =IFERROR(L82/D82,0) -> 0
B83: BTS_GES BTS2 ALT | C83: =SUMIFS(_CALC_ALLOC!$G$1:$G$175,_CALC_ALLOC!$A$1:$A$175,"2026",_CALC_ALLOC!$B$1:$B$175,"PIGIER_BOR",_CALC_ALLOC!$D$1:$D$175,"BTS_GES",_CALC_ALLOC!$E$1:$E$175,"BTS2",_CALC_ALLOC!$F$1:$F$175,"ALT") -> 0 | D83: =SUMIFS(_CALC_ALLOC!$I$1:$I$175,_CALC_ALLOC!$A$1:$A$175,"2026",_CALC_ALLOC!$B$1:$B$175,"PIGIER_BOR",_CALC_ALLOC!$D$1:$D$175,"BTS_GES",_CALC_ALLOC!$E$1:$E$175,"BTS2",_CALC_ALLOC!$F$1:$F$175,"ALT") -> 0 | E83: =SUMIFS(_CALC_ALLOC!$AI$1:$AI$175,_CALC_ALLOC!$A$1:$A$175,"2026",_CALC_ALLOC!$B$1:$B$175,"PIGIER_BOR",_CALC_ALLOC!$D$1:$D$175,"BTS_GES",_CALC_ALLOC!$E$1:$E$175,"BTS2",_CALC_ALLOC!$F$1:$F$175,"ALT") -> 0 | F83: =SUMIFS(_CALC_ALLOC!$AJ$1:$AJ$175,_CALC_ALLOC!$A$1:$A$175,"2026",_CALC_ALLOC!$B$1:$B$175,"PIGIER_BOR",_CALC_ALLOC!$D$1:$D$175,"BTS_GES",_CALC_ALLOC!$E$1:$E$175,"BTS2",_CALC_ALLOC!$F$1:$F$175,"ALT") -> 0 | G83: =SUMIFS(_CALC_ALLOC!$AK$1:$AK$175,_CALC_ALLOC!$A$1:$A$175,"2026",_CALC_ALLOC!$B$1:$B$175,"PIGIER_BOR",_CALC_ALLOC!$D$1:$D$175,"BTS_GES",_CALC_ALLOC!$E$1:$E$175,"BTS2",_CALC_ALLOC!$F$1:$F$175,"ALT") -> 0 | H83: =SUMIFS(_CALC_ALLOC!$AL$1:$AL$175,_CALC_ALLOC!$A$1:$A$175,"2026",_CALC_ALLOC!$B$1:$B$175,"PIGIER_BOR",_CALC_ALLOC!$D$1:$D$175,"BTS_GES",_CALC_ALLOC!$E$1:$E$175,"BTS2",_CALC_ALLOC!$F$1:$F$175,"ALT") -> 0 | I83: =SUMIFS(_CALC_ALLOC!$AR$1:$AR$175,_CALC_ALLOC!$A$1:$A$175,"2026",_CALC_ALLOC!$B$1:$B$175,"PIGIER_BOR",_CALC_ALLOC!$D$1:$D$175,"BTS_GES",_CALC_ALLOC!$E$1:$E$175,"BTS2",_CALC_ALLOC!$F$1:$F$175,"ALT") -> 0 | J83: =SUMIFS(_CALC_ALLOC!$AM$1:$AM$175,_CALC_ALLOC!$A$1:$A$175,"2026",_CALC_ALLOC!$B$1:$B$175,"PIGIER_BOR",_CALC_ALLOC!$D$1:$D$175,"BTS_GES",_CALC_ALLOC!$E$1:$E$175,"BTS2",_CALC_ALLOC!$F$1:$F$175,"ALT") -> 0 | K83: =E83+F83+G83+H83+I83+J83 -> 0 | L83: =SUMIFS(_CALC_ALLOC!$AN$1:$AN$175,_CALC_ALLOC!$A$1:$A$175,"2026",_CALC_ALLOC!$B$1:$B$175,"PIGIER_BOR",_CALC_ALLOC!$D$1:$D$175,"BTS_GES",_CALC_ALLOC!$E$1:$E$175,"BTS2",_CALC_ALLOC!$F$1:$F$175,"ALT") -> 0 | M83: =IFERROR(L83/D83,0) -> 0
B84: BAC_RH B1 ALT | C84: =SUMIFS(_CALC_ALLOC!$G$1:$G$175,_CALC_ALLOC!$A$1:$A$175,"2026",_CALC_ALLOC!$B$1:$B$175,"PIGIER_BOR",_CALC_ALLOC!$D$1:$D$175,"BAC_RH",_CALC_ALLOC!$E$1:$E$175,"B1",_CALC_ALLOC!$F$1:$F$175,"ALT") -> 0 | D84: =SUMIFS(_CALC_ALLOC!$I$1:$I$175,_CALC_ALLOC!$A$1:$A$175,"2026",_CALC_ALLOC!$B$1:$B$175,"PIGIER_BOR",_CALC_ALLOC!$D$1:$D$175,"BAC_RH",_CALC_ALLOC!$E$1:$E$175,"B1",_CALC_ALLOC!$F$1:$F$175,"ALT") -> 0 | E84: =SUMIFS(_CALC_ALLOC!$AI$1:$AI$175,_CALC_ALLOC!$A$1:$A$175,"2026",_CALC_ALLOC!$B$1:$B$175,"PIGIER_BOR",_CALC_ALLOC!$D$1:$D$175,"BAC_RH",_CALC_ALLOC!$E$1:$E$175,"B1",_CALC_ALLOC!$F$1:$F$175,"ALT") -> 0 | F84: =SUMIFS(_CALC_ALLOC!$AJ$1:$AJ$175,_CALC_ALLOC!$A$1:$A$175,"2026",_CALC_ALLOC!$B$1:$B$175,"PIGIER_BOR",_CALC_ALLOC!$D$1:$D$175,"BAC_RH",_CALC_ALLOC!$E$1:$E$175,"B1",_CALC_ALLOC!$F$1:$F$175,"ALT") -> 0 | G84: =SUMIFS(_CALC_ALLOC!$AK$1:$AK$175,_CALC_ALLOC!$A$1:$A$175,"2026",_CALC_ALLOC!$B$1:$B$175,"PIGIER_BOR",_CALC_ALLOC!$D$1:$D$175,"BAC_RH",_CALC_ALLOC!$E$1:$E$175,"B1",_CALC_ALLOC!$F$1:$F$175,"ALT") -> 0 | H84: =SUMIFS(_CALC_ALLOC!$AL$1:$AL$175,_CALC_ALLOC!$A$1:$A$175,"2026",_CALC_ALLOC!$B$1:$B$175,"PIGIER_BOR",_CALC_ALLOC!$D$1:$D$175,"BAC_RH",_CALC_ALLOC!$E$1:$E$175,"B1",_CALC_ALLOC!$F$1:$F$175,"ALT") -> 0 | I84: =SUMIFS(_CALC_ALLOC!$AR$1:$AR$175,_CALC_ALLOC!$A$1:$A$175,"2026",_CALC_ALLOC!$B$1:$B$175,"PIGIER_BOR",_CALC_ALLOC!$D$1:$D$175,"BAC_RH",_CALC_ALLOC!$E$1:$E$175,"B1",_CALC_ALLOC!$F$1:$F$175,"ALT") -> 0 | J84: =SUMIFS(_CALC_ALLOC!$AM$1:$AM$175,_CALC_ALLOC!$A$1:$A$175,"2026",_CALC_ALLOC!$B$1:$B$175,"PIGIER_BOR",_CALC_ALLOC!$D$1:$D$175,"BAC_RH",_CALC_ALLOC!$E$1:$E$175,"B1",_CALC_ALLOC!$F$1:$F$175,"ALT") -> 0 | K84: =E84+F84+G84+H84+I84+J84 -> 0 | L84: =SUMIFS(_CALC_ALLOC!$AN$1:$AN$175,_CALC_ALLOC!$A$1:$A$175,"2026",_CALC_ALLOC!$B$1:$B$175,"PIGIER_BOR",_CALC_ALLOC!$D$1:$D$175,"BAC_RH",_CALC_ALLOC!$E$1:$E$175,"B1",_CALC_ALLOC!$F$1:$F$175,"ALT") -> 0 | M84: =IFERROR(L84/D84,0) -> 0
B85: BAC_RH B3 ALT | C85: =SUMIFS(_CALC_ALLOC!$G$1:$G$175,_CALC_ALLOC!$A$1:$A$175,"2026",_CALC_ALLOC!$B$1:$B$175,"PIGIER_BOR",_CALC_ALLOC!$D$1:$D$175,"BAC_RH",_CALC_ALLOC!$E$1:$E$175,"B3",_CALC_ALLOC!$F$1:$F$175,"ALT") -> 0 | D85: =SUMIFS(_CALC_ALLOC!$I$1:$I$175,_CALC_ALLOC!$A$1:$A$175,"2026",_CALC_ALLOC!$B$1:$B$175,"PIGIER_BOR",_CALC_ALLOC!$D$1:$D$175,"BAC_RH",_CALC_ALLOC!$E$1:$E$175,"B3",_CALC_ALLOC!$F$1:$F$175,"ALT") -> 0 | E85: =SUMIFS(_CALC_ALLOC!$AI$1:$AI$175,_CALC_ALLOC!$A$1:$A$175,"2026",_CALC_ALLOC!$B$1:$B$175,"PIGIER_BOR",_CALC_ALLOC!$D$1:$D$175,"BAC_RH",_CALC_ALLOC!$E$1:$E$175,"B3",_CALC_ALLOC!$F$1:$F$175,"ALT") -> 0 | F85: =SUMIFS(_CALC_ALLOC!$AJ$1:$AJ$175,_CALC_ALLOC!$A$1:$A$175,"2026",_CALC_ALLOC!$B$1:$B$175,"PIGIER_BOR",_CALC_ALLOC!$D$1:$D$175,"BAC_RH",_CALC_ALLOC!$E$1:$E$175,"B3",_CALC_ALLOC!$F$1:$F$175,"ALT") -> 0 | G85: =SUMIFS(_CALC_ALLOC!$AK$1:$AK$175,_CALC_ALLOC!$A$1:$A$175,"2026",_CALC_ALLOC!$B$1:$B$175,"PIGIER_BOR",_CALC_ALLOC!$D$1:$D$175,"BAC_RH",_CALC_ALLOC!$E$1:$E$175,"B3",_CALC_ALLOC!$F$1:$F$175,"ALT") -> 0 | H85: =SUMIFS(_CALC_ALLOC!$AL$1:$AL$175,_CALC_ALLOC!$A$1:$A$175,"2026",_CALC_ALLOC!$B$1:$B$175,"PIGIER_BOR",_CALC_ALLOC!$D$1:$D$175,"BAC_RH",_CALC_ALLOC!$E$1:$E$175,"B3",_CALC_ALLOC!$F$1:$F$175,"ALT") -> 0 | I85: =SUMIFS(_CALC_ALLOC!$AR$1:$AR$175,_CALC_ALLOC!$A$1:$A$175,"2026",_CALC_ALLOC!$B$1:$B$175,"PIGIER_BOR",_CALC_ALLOC!$D$1:$D$175,"BAC_RH",_CALC_ALLOC!$E$1:$E$175,"B3",_CALC_ALLOC!$F$1:$F$175,"ALT") -> 0 | J85: =SUMIFS(_CALC_ALLOC!$AM$1:$AM$175,_CALC_ALLOC!$A$1:$A$175,"2026",_CALC_ALLOC!$B$1:$B$175,"PIGIER_BOR",_CALC_ALLOC!$D$1:$D$175,"BAC_RH",_CALC_ALLOC!$E$1:$E$175,"B3",_CALC_ALLOC!$F$1:$F$175,"ALT") -> 0 | K85: =E85+F85+G85+H85+I85+J85 -> 0 | L85: =SUMIFS(_CALC_ALLOC!$AN$1:$AN$175,_CALC_ALLOC!$A$1:$A$175,"2026",_CALC_ALLOC!$B$1:$B$175,"PIGIER_BOR",_CALC_ALLOC!$D$1:$D$175,"BAC_RH",_CALC_ALLOC!$E$1:$E$175,"B3",_CALC_ALLOC!$F$1:$F$175,"ALT") -> 0 | M85: =IFERROR(L85/D85,0) -> 0
B86: Tunon | C86: =SUMIFS(_CALC_ALLOC!$G$1:$G$175,_CALC_ALLOC!$A$1:$A$175,"2026",_CALC_ALLOC!$C$1:$C$175,"TUNON") -> 0 | D86: =SUMIFS(_CALC_ALLOC!$I$1:$I$175,_CALC_ALLOC!$A$1:$A$175,"2026",_CALC_ALLOC!$C$1:$C$175,"TUNON") -> 0 | E86: =SUMIFS(_CALC_ALLOC!$AI$1:$AI$175,_CALC_ALLOC!$A$1:$A$175,"2026",_CALC_ALLOC!$C$1:$C$175,"TUNON") -> 0 | F86: =SUMIFS(_CALC_ALLOC!$AJ$1:$AJ$175,_CALC_ALLOC!$A$1:$A$175,"2026",_CALC_ALLOC!$C$1:$C$175,"TUNON") -> 0 | G86: =SUMIFS(_CALC_ALLOC!$AK$1:$AK$175,_CALC_ALLOC!$A$1:$A$175,"2026",_CALC_ALLOC!$C$1:$C$175,"TUNON") -> 0 | H86: =SUMIFS(_CALC_ALLOC!$AL$1:$AL$175,_CALC_ALLOC!$A$1:$A$175,"2026",_CALC_ALLOC!$C$1:$C$175,"TUNON") -> 0 | I86: =SUMIFS(_CALC_ALLOC!$AR$1:$AR$175,_CALC_ALLOC!$A$1:$A$175,"2026",_CALC_ALLOC!$C$1:$C$175,"TUNON") -> 0 | J86: =SUMIFS(_CALC_ALLOC!$AM$1:$AM$175,_CALC_ALLOC!$A$1:$A$175,"2026",_CALC_ALLOC!$C$1:$C$175,"TUNON") -> 0 | K86: =E86+F86+G86+H86+I86+J86 -> 0 | L86: =SUMIFS(_CALC_ALLOC!$AN$1:$AN$175,_CALC_ALLOC!$A$1:$A$175,"2026",_CALC_ALLOC!$C$1:$C$175,"TUNON") -> 0 | M86: =IFERROR(L86/D86,0) -> 0
B87: Paris (TUNON_PAR) | C87: =SUMIFS(_CALC_ALLOC!$G$1:$G$175,_CALC_ALLOC!$A$1:$A$175,"2026",_CALC_ALLOC!$B$1:$B$175,"TUNON_PAR") -> 0 | D87: =SUMIFS(_CALC_ALLOC!$I$1:$I$175,_CALC_ALLOC!$A$1:$A$175,"2026",_CALC_ALLOC!$B$1:$B$175,"TUNON_PAR") -> 0 | E87: =SUMIFS(_CALC_ALLOC!$AI$1:$AI$175,_CALC_ALLOC!$A$1:$A$175,"2026",_CALC_ALLOC!$B$1:$B$175,"TUNON_PAR") -> 0 | F87: =SUMIFS(_CALC_ALLOC!$AJ$1:$AJ$175,_CALC_ALLOC!$A$1:$A$175,"2026",_CALC_ALLOC!$B$1:$B$175,"TUNON_PAR") -> 0 | G87: =SUMIFS(_CALC_ALLOC!$AK$1:$AK$175,_CALC_ALLOC!$A$1:$A$175,"2026",_CALC_ALLOC!$B$1:$B$175,"TUNON_PAR") -> 0 | H87: =SUMIFS(_CALC_ALLOC!$AL$1:$AL$175,_CALC_ALLOC!$A$1:$A$175,"2026",_CALC_ALLOC!$B$1:$B$175,"TUNON_PAR") -> 0 | I87: =SUMIFS(_CALC_ALLOC!$AR$1:$AR$175,_CALC_ALLOC!$A$1:$A$175,"2026",_CALC_ALLOC!$B$1:$B$175,"TUNON_PAR") -> 0 | J87: =SUMIFS(_CALC_ALLOC!$AM$1:$AM$175,_CALC_ALLOC!$A$1:$A$175,"2026",_CALC_ALLOC!$B$1:$B$175,"TUNON_PAR") -> 0 | K87: =E87+F87+G87+H87+I87+J87 -> 0 | L87: =SUMIFS(_CALC_ALLOC!$AN$1:$AN$175,_CALC_ALLOC!$A$1:$A$175,"2026",_CALC_ALLOC!$B$1:$B$175,"TUNON_PAR") -> 0 | M87: =IFERROR(L87/D87,0) -> 0
B88: BAC_TOU B1 ALT | C88: =SUMIFS(_CALC_ALLOC!$G$1:$G$175,_CALC_ALLOC!$A$1:$A$175,"2026",_CALC_ALLOC!$B$1:$B$175,"TUNON_PAR",_CALC_ALLOC!$D$1:$D$175,"BAC_TOU",_CALC_ALLOC!$E$1:$E$175,"B1",_CALC_ALLOC!$F$1:$F$175,"ALT") -> 0 | D88: =SUMIFS(_CALC_ALLOC!$I$1:$I$175,_CALC_ALLOC!$A$1:$A$175,"2026",_CALC_ALLOC!$B$1:$B$175,"TUNON_PAR",_CALC_ALLOC!$D$1:$D$175,"BAC_TOU",_CALC_ALLOC!$E$1:$E$175,"B1",_CALC_ALLOC!$F$1:$F$175,"ALT") -> 0 | E88: =SUMIFS(_CALC_ALLOC!$AI$1:$AI$175,_CALC_ALLOC!$A$1:$A$175,"2026",_CALC_ALLOC!$B$1:$B$175,"TUNON_PAR",_CALC_ALLOC!$D$1:$D$175,"BAC_TOU",_CALC_ALLOC!$E$1:$E$175,"B1",_CALC_ALLOC!$F$1:$F$175,"ALT") -> 0 | F88: =SUMIFS(_CALC_ALLOC!$AJ$1:$AJ$175,_CALC_ALLOC!$A$1:$A$175,"2026",_CALC_ALLOC!$B$1:$B$175,"TUNON_PAR",_CALC_ALLOC!$D$1:$D$175,"BAC_TOU",_CALC_ALLOC!$E$1:$E$175,"B1",_CALC_ALLOC!$F$1:$F$175,"ALT") -> 0 | G88: =SUMIFS(_CALC_ALLOC!$AK$1:$AK$175,_CALC_ALLOC!$A$1:$A$175,"2026",_CALC_ALLOC!$B$1:$B$175,"TUNON_PAR",_CALC_ALLOC!$D$1:$D$175,"BAC_TOU",_CALC_ALLOC!$E$1:$E$175,"B1",_CALC_ALLOC!$F$1:$F$175,"ALT") -> 0 | H88: =SUMIFS(_CALC_ALLOC!$AL$1:$AL$175,_CALC_ALLOC!$A$1:$A$175,"2026",_CALC_ALLOC!$B$1:$B$175,"TUNON_PAR",_CALC_ALLOC!$D$1:$D$175,"BAC_TOU",_CALC_ALLOC!$E$1:$E$175,"B1",_CALC_ALLOC!$F$1:$F$175,"ALT") -> 0 | I88: =SUMIFS(_CALC_ALLOC!$AR$1:$AR$175,_CALC_ALLOC!$A$1:$A$175,"2026",_CALC_ALLOC!$B$1:$B$175,"TUNON_PAR",_CALC_ALLOC!$D$1:$D$175,"BAC_TOU",_CALC_ALLOC!$E$1:$E$175,"B1",_CALC_ALLOC!$F$1:$F$175,"ALT") -> 0 | J88: =SUMIFS(_CALC_ALLOC!$AM$1:$AM$175,_CALC_ALLOC!$A$1:$A$175,"2026",_CALC_ALLOC!$B$1:$B$175,"TUNON_PAR",_CALC_ALLOC!$D$1:$D$175,"BAC_TOU",_CALC_ALLOC!$E$1:$E$175,"B1",_CALC_ALLOC!$F$1:$F$175,"ALT") -> 0 | K88: =E88+F88+G88+H88+I88+J88 -> 0 | L88: =SUMIFS(_CALC_ALLOC!$AN$1:$AN$175,_CALC_ALLOC!$A$1:$A$175,"2026",_CALC_ALLOC!$B$1:$B$175,"TUNON_PAR",_CALC_ALLOC!$D$1:$D$175,"BAC_TOU",_CALC_ALLOC!$E$1:$E$175,"B1",_CALC_ALLOC!$F$1:$F$175,"ALT") -> 0 | M88: =IFERROR(L88/D88,0) -> 0
B89: BAC_TOU B2 ALT | C89: =SUMIFS(_CALC_ALLOC!$G$1:$G$175,_CALC_ALLOC!$A$1:$A$175,"2026",_CALC_ALLOC!$B$1:$B$175,"TUNON_PAR",_CALC_ALLOC!$D$1:$D$175,"BAC_TOU",_CALC_ALLOC!$E$1:$E$175,"B2",_CALC_ALLOC!$F$1:$F$175,"ALT") -> 0 | D89: =SUMIFS(_CALC_ALLOC!$I$1:$I$175,_CALC_ALLOC!$A$1:$A$175,"2026",_CALC_ALLOC!$B$1:$B$175,"TUNON_PAR",_CALC_ALLOC!$D$1:$D$175,"BAC_TOU",_CALC_ALLOC!$E$1:$E$175,"B2",_CALC_ALLOC!$F$1:$F$175,"ALT") -> 0 | E89: =SUMIFS(_CALC_ALLOC!$AI$1:$AI$175,_CALC_ALLOC!$A$1:$A$175,"2026",_CALC_ALLOC!$B$1:$B$175,"TUNON_PAR",_CALC_ALLOC!$D$1:$D$175,"BAC_TOU",_CALC_ALLOC!$E$1:$E$175,"B2",_CALC_ALLOC!$F$1:$F$175,"ALT") -> 0 | F89: =SUMIFS(_CALC_ALLOC!$AJ$1:$AJ$175,_CALC_ALLOC!$A$1:$A$175,"2026",_CALC_ALLOC!$B$1:$B$175,"TUNON_PAR",_CALC_ALLOC!$D$1:$D$175,"BAC_TOU",_CALC_ALLOC!$E$1:$E$175,"B2",_CALC_ALLOC!$F$1:$F$175,"ALT") -> 0 | G89: =SUMIFS(_CALC_ALLOC!$AK$1:$AK$175,_CALC_ALLOC!$A$1:$A$175,"2026",_CALC_ALLOC!$B$1:$B$175,"TUNON_PAR",_CALC_ALLOC!$D$1:$D$175,"BAC_TOU",_CALC_ALLOC!$E$1:$E$175,"B2",_CALC_ALLOC!$F$1:$F$175,"ALT") -> 0 | H89: =SUMIFS(_CALC_ALLOC!$AL$1:$AL$175,_CALC_ALLOC!$A$1:$A$175,"2026",_CALC_ALLOC!$B$1:$B$175,"TUNON_PAR",_CALC_ALLOC!$D$1:$D$175,"BAC_TOU",_CALC_ALLOC!$E$1:$E$175,"B2",_CALC_ALLOC!$F$1:$F$175,"ALT") -> 0 | I89: =SUMIFS(_CALC_ALLOC!$AR$1:$AR$175,_CALC_ALLOC!$A$1:$A$175,"2026",_CALC_ALLOC!$B$1:$B$175,"TUNON_PAR",_CALC_ALLOC!$D$1:$D$175,"BAC_TOU",_CALC_ALLOC!$E$1:$E$175,"B2",_CALC_ALLOC!$F$1:$F$175,"ALT") -> 0 | J89: =SUMIFS(_CALC_ALLOC!$AM$1:$AM$175,_CALC_ALLOC!$A$1:$A$175,"2026",_CALC_ALLOC!$B$1:$B$175,"TUNON_PAR",_CALC_ALLOC!$D$1:$D$175,"BAC_TOU",_CALC_ALLOC!$E$1:$E$175,"B2",_CALC_ALLOC!$F$1:$F$175,"ALT") -> 0 | K89: =E89+F89+G89+H89+I89+J89 -> 0 | L89: =SUMIFS(_CALC_ALLOC!$AN$1:$AN$175,_CALC_ALLOC!$A$1:$A$175,"2026",_CALC_ALLOC!$B$1:$B$175,"TUNON_PAR",_CALC_ALLOC!$D$1:$D$175,"BAC_TOU",_CALC_ALLOC!$E$1:$E$175,"B2",_CALC_ALLOC!$F$1:$F$175,"ALT") -> 0 | M89: =IFERROR(L89/D89,0) -> 0
B90: BAC_TOU B3 ALT | C90: =SUMIFS(_CALC_ALLOC!$G$1:$G$175,_CALC_ALLOC!$A$1:$A$175,"2026",_CALC_ALLOC!$B$1:$B$175,"TUNON_PAR",_CALC_ALLOC!$D$1:$D$175,"BAC_TOU",_CALC_ALLOC!$E$1:$E$175,"B3",_CALC_ALLOC!$F$1:$F$175,"ALT") -> 0 | D90: =SUMIFS(_CALC_ALLOC!$I$1:$I$175,_CALC_ALLOC!$A$1:$A$175,"2026",_CALC_ALLOC!$B$1:$B$175,"TUNON_PAR",_CALC_ALLOC!$D$1:$D$175,"BAC_TOU",_CALC_ALLOC!$E$1:$E$175,"B3",_CALC_ALLOC!$F$1:$F$175,"ALT") -> 0 | E90: =SUMIFS(_CALC_ALLOC!$AI$1:$AI$175,_CALC_ALLOC!$A$1:$A$175,"2026",_CALC_ALLOC!$B$1:$B$175,"TUNON_PAR",_CALC_ALLOC!$D$1:$D$175,"BAC_TOU",_CALC_ALLOC!$E$1:$E$175,"B3",_CALC_ALLOC!$F$1:$F$175,"ALT") -> 0 | F90: =SUMIFS(_CALC_ALLOC!$AJ$1:$AJ$175,_CALC_ALLOC!$A$1:$A$175,"2026",_CALC_ALLOC!$B$1:$B$175,"TUNON_PAR",_CALC_ALLOC!$D$1:$D$175,"BAC_TOU",_CALC_ALLOC!$E$1:$E$175,"B3",_CALC_ALLOC!$F$1:$F$175,"ALT") -> 0 | G90: =SUMIFS(_CALC_ALLOC!$AK$1:$AK$175,_CALC_ALLOC!$A$1:$A$175,"2026",_CALC_ALLOC!$B$1:$B$175,"TUNON_PAR",_CALC_ALLOC!$D$1:$D$175,"BAC_TOU",_CALC_ALLOC!$E$1:$E$175,"B3",_CALC_ALLOC!$F$1:$F$175,"ALT") -> 0 | H90: =SUMIFS(_CALC_ALLOC!$AL$1:$AL$175,_CALC_ALLOC!$A$1:$A$175,"2026",_CALC_ALLOC!$B$1:$B$175,"TUNON_PAR",_CALC_ALLOC!$D$1:$D$175,"BAC_TOU",_CALC_ALLOC!$E$1:$E$175,"B3",_CALC_ALLOC!$F$1:$F$175,"ALT") -> 0 | I90: =SUMIFS(_CALC_ALLOC!$AR$1:$AR$175,_CALC_ALLOC!$A$1:$A$175,"2026",_CALC_ALLOC!$B$1:$B$175,"TUNON_PAR",_CALC_ALLOC!$D$1:$D$175,"BAC_TOU",_CALC_ALLOC!$E$1:$E$175,"B3",_CALC_ALLOC!$F$1:$F$175,"ALT") -> 0 | J90: =SUMIFS(_CALC_ALLOC!$AM$1:$AM$175,_CALC_ALLOC!$A$1:$A$175,"2026",_CALC_ALLOC!$B$1:$B$175,"TUNON_PAR",_CALC_ALLOC!$D$1:$D$175,"BAC_TOU",_CALC_ALLOC!$E$1:$E$175,"B3",_CALC_ALLOC!$F$1:$F$175,"ALT") -> 0 | K90: =E90+F90+G90+H90+I90+J90 -> 0 | L90: =SUMIFS(_CALC_ALLOC!$AN$1:$AN$175,_CALC_ALLOC!$A$1:$A$175,"2026",_CALC_ALLOC!$B$1:$B$175,"TUNON_PAR",_CALC_ALLOC!$D$1:$D$175,"BAC_TOU",_CALC_ALLOC!$E$1:$E$175,"B3",_CALC_ALLOC!$F$1:$F$175,"ALT") -> 0 | M90: =IFERROR(L90/D90,0) -> 0
B91: Lyon (TUNON_LYO) | C91: =SUMIFS(_CALC_ALLOC!$G$1:$G$175,_CALC_ALLOC!$A$1:$A$175,"2026",_CALC_ALLOC!$B$1:$B$175,"TUNON_LYO") -> 0 | D91: =SUMIFS(_CALC_ALLOC!$I$1:$I$175,_CALC_ALLOC!$A$1:$A$175,"2026",_CALC_ALLOC!$B$1:$B$175,"TUNON_LYO") -> 0 | E91: =SUMIFS(_CALC_ALLOC!$AI$1:$AI$175,_CALC_ALLOC!$A$1:$A$175,"2026",_CALC_ALLOC!$B$1:$B$175,"TUNON_LYO") -> 0 | F91: =SUMIFS(_CALC_ALLOC!$AJ$1:$AJ$175,_CALC_ALLOC!$A$1:$A$175,"2026",_CALC_ALLOC!$B$1:$B$175,"TUNON_LYO") -> 0 | G91: =SUMIFS(_CALC_ALLOC!$AK$1:$AK$175,_CALC_ALLOC!$A$1:$A$175,"2026",_CALC_ALLOC!$B$1:$B$175,"TUNON_LYO") -> 0 | H91: =SUMIFS(_CALC_ALLOC!$AL$1:$AL$175,_CALC_ALLOC!$A$1:$A$175,"2026",_CALC_ALLOC!$B$1:$B$175,"TUNON_LYO") -> 0 | I91: =SUMIFS(_CALC_ALLOC!$AR$1:$AR$175,_CALC_ALLOC!$A$1:$A$175,"2026",_CALC_ALLOC!$B$1:$B$175,"TUNON_LYO") -> 0 | J91: =SUMIFS(_CALC_ALLOC!$AM$1:$AM$175,_CALC_ALLOC!$A$1:$A$175,"2026",_CALC_ALLOC!$B$1:$B$175,"TUNON_LYO") -> 0 | K91: =E91+F91+G91+H91+I91+J91 -> 0 | L91: =SUMIFS(_CALC_ALLOC!$AN$1:$AN$175,_CALC_ALLOC!$A$1:$A$175,"2026",_CALC_ALLOC!$B$1:$B$175,"TUNON_LYO") -> 0 | M91: =IFERROR(L91/D91,0) -> 0
B92: BAC_TOU B1 ALT | C92: =SUMIFS(_CALC_ALLOC!$G$1:$G$175,_CALC_ALLOC!$A$1:$A$175,"2026",_CALC_ALLOC!$B$1:$B$175,"TUNON_LYO",_CALC_ALLOC!$D$1:$D$175,"BAC_TOU",_CALC_ALLOC!$E$1:$E$175,"B1",_CALC_ALLOC!$F$1:$F$175,"ALT") -> 0 | D92: =SUMIFS(_CALC_ALLOC!$I$1:$I$175,_CALC_ALLOC!$A$1:$A$175,"2026",_CALC_ALLOC!$B$1:$B$175,"TUNON_LYO",_CALC_ALLOC!$D$1:$D$175,"BAC_TOU",_CALC_ALLOC!$E$1:$E$175,"B1",_CALC_ALLOC!$F$1:$F$175,"ALT") -> 0 | E92: =SUMIFS(_CALC_ALLOC!$AI$1:$AI$175,_CALC_ALLOC!$A$1:$A$175,"2026",_CALC_ALLOC!$B$1:$B$175,"TUNON_LYO",_CALC_ALLOC!$D$1:$D$175,"BAC_TOU",_CALC_ALLOC!$E$1:$E$175,"B1",_CALC_ALLOC!$F$1:$F$175,"ALT") -> 0 | F92: =SUMIFS(_CALC_ALLOC!$AJ$1:$AJ$175,_CALC_ALLOC!$A$1:$A$175,"2026",_CALC_ALLOC!$B$1:$B$175,"TUNON_LYO",_CALC_ALLOC!$D$1:$D$175,"BAC_TOU",_CALC_ALLOC!$E$1:$E$175,"B1",_CALC_ALLOC!$F$1:$F$175,"ALT") -> 0 | G92: =SUMIFS(_CALC_ALLOC!$AK$1:$AK$175,_CALC_ALLOC!$A$1:$A$175,"2026",_CALC_ALLOC!$B$1:$B$175,"TUNON_LYO",_CALC_ALLOC!$D$1:$D$175,"BAC_TOU",_CALC_ALLOC!$E$1:$E$175,"B1",_CALC_ALLOC!$F$1:$F$175,"ALT") -> 0 | H92: =SUMIFS(_CALC_ALLOC!$AL$1:$AL$175,_CALC_ALLOC!$A$1:$A$175,"2026",_CALC_ALLOC!$B$1:$B$175,"TUNON_LYO",_CALC_ALLOC!$D$1:$D$175,"BAC_TOU",_CALC_ALLOC!$E$1:$E$175,"B1",_CALC_ALLOC!$F$1:$F$175,"ALT") -> 0 | I92: =SUMIFS(_CALC_ALLOC!$AR$1:$AR$175,_CALC_ALLOC!$A$1:$A$175,"2026",_CALC_ALLOC!$B$1:$B$175,"TUNON_LYO",_CALC_ALLOC!$D$1:$D$175,"BAC_TOU",_CALC_ALLOC!$E$1:$E$175,"B1",_CALC_ALLOC!$F$1:$F$175,"ALT") -> 0 | J92: =SUMIFS(_CALC_ALLOC!$AM$1:$AM$175,_CALC_ALLOC!$A$1:$A$175,"2026",_CALC_ALLOC!$B$1:$B$175,"TUNON_LYO",_CALC_ALLOC!$D$1:$D$175,"BAC_TOU",_CALC_ALLOC!$E$1:$E$175,"B1",_CALC_ALLOC!$F$1:$F$175,"ALT") -> 0 | K92: =E92+F92+G92+H92+I92+J92 -> 0 | L92: =SUMIFS(_CALC_ALLOC!$AN$1:$AN$175,_CALC_ALLOC!$A$1:$A$175,"2026",_CALC_ALLOC!$B$1:$B$175,"TUNON_LYO",_CALC_ALLOC!$D$1:$D$175,"BAC_TOU",_CALC_ALLOC!$E$1:$E$175,"B1",_CALC_ALLOC!$F$1:$F$175,"ALT") -> 0 | M92: =IFERROR(L92/D92,0) -> 0
B93: BAC_TOU B2 ALT | C93: =SUMIFS(_CALC_ALLOC!$G$1:$G$175,_CALC_ALLOC!$A$1:$A$175,"2026",_CALC_ALLOC!$B$1:$B$175,"TUNON_LYO",_CALC_ALLOC!$D$1:$D$175,"BAC_TOU",_CALC_ALLOC!$E$1:$E$175,"B2",_CALC_ALLOC!$F$1:$F$175,"ALT") -> 0 | D93: =SUMIFS(_CALC_ALLOC!$I$1:$I$175,_CALC_ALLOC!$A$1:$A$175,"2026",_CALC_ALLOC!$B$1:$B$175,"TUNON_LYO",_CALC_ALLOC!$D$1:$D$175,"BAC_TOU",_CALC_ALLOC!$E$1:$E$175,"B2",_CALC_ALLOC!$F$1:$F$175,"ALT") -> 0 | E93: =SUMIFS(_CALC_ALLOC!$AI$1:$AI$175,_CALC_ALLOC!$A$1:$A$175,"2026",_CALC_ALLOC!$B$1:$B$175,"TUNON_LYO",_CALC_ALLOC!$D$1:$D$175,"BAC_TOU",_CALC_ALLOC!$E$1:$E$175,"B2",_CALC_ALLOC!$F$1:$F$175,"ALT") -> 0 | F93: =SUMIFS(_CALC_ALLOC!$AJ$1:$AJ$175,_CALC_ALLOC!$A$1:$A$175,"2026",_CALC_ALLOC!$B$1:$B$175,"TUNON_LYO",_CALC_ALLOC!$D$1:$D$175,"BAC_TOU",_CALC_ALLOC!$E$1:$E$175,"B2",_CALC_ALLOC!$F$1:$F$175,"ALT") -> 0 | G93: =SUMIFS(_CALC_ALLOC!$AK$1:$AK$175,_CALC_ALLOC!$A$1:$A$175,"2026",_CALC_ALLOC!$B$1:$B$175,"TUNON_LYO",_CALC_ALLOC!$D$1:$D$175,"BAC_TOU",_CALC_ALLOC!$E$1:$E$175,"B2",_CALC_ALLOC!$F$1:$F$175,"ALT") -> 0 | H93: =SUMIFS(_CALC_ALLOC!$AL$1:$AL$175,_CALC_ALLOC!$A$1:$A$175,"2026",_CALC_ALLOC!$B$1:$B$175,"TUNON_LYO",_CALC_ALLOC!$D$1:$D$175,"BAC_TOU",_CALC_ALLOC!$E$1:$E$175,"B2",_CALC_ALLOC!$F$1:$F$175,"ALT") -> 0 | I93: =SUMIFS(_CALC_ALLOC!$AR$1:$AR$175,_CALC_ALLOC!$A$1:$A$175,"2026",_CALC_ALLOC!$B$1:$B$175,"TUNON_LYO",_CALC_ALLOC!$D$1:$D$175,"BAC_TOU",_CALC_ALLOC!$E$1:$E$175,"B2",_CALC_ALLOC!$F$1:$F$175,"ALT") -> 0 | J93: =SUMIFS(_CALC_ALLOC!$AM$1:$AM$175,_CALC_ALLOC!$A$1:$A$175,"2026",_CALC_ALLOC!$B$1:$B$175,"TUNON_LYO",_CALC_ALLOC!$D$1:$D$175,"BAC_TOU",_CALC_ALLOC!$E$1:$E$175,"B2",_CALC_ALLOC!$F$1:$F$175,"ALT") -> 0 | K93: =E93+F93+G93+H93+I93+J93 -> 0 | L93: =SUMIFS(_CALC_ALLOC!$AN$1:$AN$175,_CALC_ALLOC!$A$1:$A$175,"2026",_CALC_ALLOC!$B$1:$B$175,"TUNON_LYO",_CALC_ALLOC!$D$1:$D$175,"BAC_TOU",_CALC_ALLOC!$E$1:$E$175,"B2",_CALC_ALLOC!$F$1:$F$175,"ALT") -> 0 | M93: =IFERROR(L93/D93,0) -> 0
B94: BAC_TOU B3 ALT | C94: =SUMIFS(_CALC_ALLOC!$G$1:$G$175,_CALC_ALLOC!$A$1:$A$175,"2026",_CALC_ALLOC!$B$1:$B$175,"TUNON_LYO",_CALC_ALLOC!$D$1:$D$175,"BAC_TOU",_CALC_ALLOC!$E$1:$E$175,"B3",_CALC_ALLOC!$F$1:$F$175,"ALT") -> 0 | D94: =SUMIFS(_CALC_ALLOC!$I$1:$I$175,_CALC_ALLOC!$A$1:$A$175,"2026",_CALC_ALLOC!$B$1:$B$175,"TUNON_LYO",_CALC_ALLOC!$D$1:$D$175,"BAC_TOU",_CALC_ALLOC!$E$1:$E$175,"B3",_CALC_ALLOC!$F$1:$F$175,"ALT") -> 0 | E94: =SUMIFS(_CALC_ALLOC!$AI$1:$AI$175,_CALC_ALLOC!$A$1:$A$175,"2026",_CALC_ALLOC!$B$1:$B$175,"TUNON_LYO",_CALC_ALLOC!$D$1:$D$175,"BAC_TOU",_CALC_ALLOC!$E$1:$E$175,"B3",_CALC_ALLOC!$F$1:$F$175,"ALT") -> 0 | F94: =SUMIFS(_CALC_ALLOC!$AJ$1:$AJ$175,_CALC_ALLOC!$A$1:$A$175,"2026",_CALC_ALLOC!$B$1:$B$175,"TUNON_LYO",_CALC_ALLOC!$D$1:$D$175,"BAC_TOU",_CALC_ALLOC!$E$1:$E$175,"B3",_CALC_ALLOC!$F$1:$F$175,"ALT") -> 0 | G94: =SUMIFS(_CALC_ALLOC!$AK$1:$AK$175,_CALC_ALLOC!$A$1:$A$175,"2026",_CALC_ALLOC!$B$1:$B$175,"TUNON_LYO",_CALC_ALLOC!$D$1:$D$175,"BAC_TOU",_CALC_ALLOC!$E$1:$E$175,"B3",_CALC_ALLOC!$F$1:$F$175,"ALT") -> 0 | H94: =SUMIFS(_CALC_ALLOC!$AL$1:$AL$175,_CALC_ALLOC!$A$1:$A$175,"2026",_CALC_ALLOC!$B$1:$B$175,"TUNON_LYO",_CALC_ALLOC!$D$1:$D$175,"BAC_TOU",_CALC_ALLOC!$E$1:$E$175,"B3",_CALC_ALLOC!$F$1:$F$175,"ALT") -> 0 | I94: =SUMIFS(_CALC_ALLOC!$AR$1:$AR$175,_CALC_ALLOC!$A$1:$A$175,"2026",_CALC_ALLOC!$B$1:$B$175,"TUNON_LYO",_CALC_ALLOC!$D$1:$D$175,"BAC_TOU",_CALC_ALLOC!$E$1:$E$175,"B3",_CALC_ALLOC!$F$1:$F$175,"ALT") -> 0 | J94: =SUMIFS(_CALC_ALLOC!$AM$1:$AM$175,_CALC_ALLOC!$A$1:$A$175,"2026",_CALC_ALLOC!$B$1:$B$175,"TUNON_LYO",_CALC_ALLOC!$D$1:$D$175,"BAC_TOU",_CALC_ALLOC!$E$1:$E$175,"B3",_CALC_ALLOC!$F$1:$F$175,"ALT") -> 0 | K94: =E94+F94+G94+H94+I94+J94 -> 0 | L94: =SUMIFS(_CALC_ALLOC!$AN$1:$AN$175,_CALC_ALLOC!$A$1:$A$175,"2026",_CALC_ALLOC!$B$1:$B$175,"TUNON_LYO",_CALC_ALLOC!$D$1:$D$175,"BAC_TOU",_CALC_ALLOC!$E$1:$E$175,"B3",_CALC_ALLOC!$F$1:$F$175,"ALT") -> 0 | M94: =IFERROR(L94/D94,0) -> 0
B95: GROUPE | C95: =SUMIFS(_CALC_ALLOC!$G$1:$G$175,_CALC_ALLOC!$A$1:$A$175,"2026") -> 0 | D95: =SUMIFS(_CALC_ALLOC!$I$1:$I$175,_CALC_ALLOC!$A$1:$A$175,"2026") -> 0 | E95: =SUMIFS(_CALC_ALLOC!$AI$1:$AI$175,_CALC_ALLOC!$A$1:$A$175,"2026") -> 0 | F95: =SUMIFS(_CALC_ALLOC!$AJ$1:$AJ$175,_CALC_ALLOC!$A$1:$A$175,"2026") -> 0 | G95: =SUMIFS(_CALC_ALLOC!$AK$1:$AK$175,_CALC_ALLOC!$A$1:$A$175,"2026") -> 0 | H95: =SUMIFS(_CALC_ALLOC!$AL$1:$AL$175,_CALC_ALLOC!$A$1:$A$175,"2026") -> 0 | I95: =SUMIFS(_CALC_ALLOC!$AR$1:$AR$175,_CALC_ALLOC!$A$1:$A$175,"2026") -> 0 | J95: =SUMIFS(_CALC_ALLOC!$AM$1:$AM$175,_CALC_ALLOC!$A$1:$A$175,"2026") -> 0 | K95: =E95+F95+G95+H95+I95+J95 -> 0 | L95: =SUMIFS(_CALC_ALLOC!$AN$1:$AN$175,_CALC_ALLOC!$A$1:$A$175,"2026") -> 0 | M95: =IFERROR(L95/D95,0) -> 0

Sheet Allocation2
A1: SCENARIO | B1: VERSION | C1: PERIODE | D1: EXERCICE | E1: ENTITY | F1: MARQUE | G1: PROGRAMME | H1: AN_ETUDE | I1: MODALITE | J1: VOL_EFF | K1: VOL_CLASS | L1: CA | M1: COST_VAC | N1: COST_PERM | O1: COST_ODIR | P1: COST_STRUCT | Q1: COST_MARQUE | R1: COST_HOLDING | S1: COST_SIEGE | T1: COST_VARIABLE | U1: COST_STRUCTURE | V1: COST_COMPLET | W1: MARGE_COMPLETE | X1: VOL_NEW | Y1: POOL_VAC | Z1: POOL_PERM | AA1: POOL_ODIR | AB1: POOL_MKT | AC1: POOL_STRUCT | AD1: POOL_HOLDING | AE1: POOL_FRAIS_MARQUE
A2: 2027BUD_V1 | B2: ACT | C2: 12 | D2: 2026 | E2: MBWAY_PAR | F2: MBWAY | G2: BAC_MGT | H2: B1 | I2: INIT | J2: 78 | K2: 3 | L2: 662220 | M2: 45273.5 | N2: 151300.5 | O2: 63168.851 | P2: 296639.1 | Q2: 18639.416 | R2: 73943.233 | S2: 92582.649 | T2: 108442.35 | U2: 540522.25 | V2: 648964.6 | W2: 13255.396 | X2: 78 | Y2: 181094 | Z2: 605202 | AA2: 142140 | AB2: 68291 | AC2: 1452771 | AD2: 2891983 | AE2: 676344
A3: 2027BUD_V1 | B3: ACT | C3: 12 | D3: 2026 | E3: MBWAY_PAR | F3: MBWAY | G3: BAC_MGT | H3: B2 | I3: ALT | J3: 76 | K3: 3 | L3: 595840 | M3: 36218.8 | N3: 121040.4 | O3: 28279.162 | P3: 289032.97 | Q3: 18161.482 | R3: 72047.253 | S3: 90208.735 | T3: 64497.962 | U3: 500282.11 | V3: 564780.07 | W3: 31059.929 | X3: 0 | Y3: 181094 | Z3: 605202 | AA3: 142140 | AB3: 68291 | AC3: 1452771 | AD3: 2891983 | AE3: 676344
A4: 2027BUD_V1 | B4: ACT | C4: 12 | D4: 2026 | E4: MBWAY_PAR | F4: MBWAY | G4: BAC_MGT | H4: B3 | I4: ALT | J4: 74 | K4: 3 | L4: 580160 | M4: 36218.8 | N4: 121040.4 | O4: 27534.974 | P4: 281426.84 | Q4: 17683.549 | R4: 70151.272 | S4: 87834.821 | T4: 63753.774 | U4: 490302.06 | V4: 554055.84 | W4: 26104.162 | X4: 0 | Y4: 181094 | Z4: 605202 | AA4: 142140 | AB4: 68291 | AC4: 1452771 | AD4: 2891983 | AE4: 676344
A5: 2027BUD_V1 | B5: ACT | C5: 12 | D5: 2026 | E5: MBWAY_PAR | F5: MBWAY | G5: MAS_MGT | H5: M1 | I5: ALT | J5: 78 | K5: 3 | L5: 662220 | M5: 31691.45 | N5: 105910.35 | O5: 63168.851 | P5: 296639.1 | Q5: 18639.416 | R5: 73943.233 | S5: 92582.649 | T5: 94860.301 | U5: 495132.1 | V5: 589992.4 | W5: 72227.596 | X5: 78 | Y5: 181094 | Z5: 605202 | AA5: 142140 | AB5: 68291 | AC5: 1452771 | AD5: 2891983 | AE5: 676344
A6: 2027BUD_V1 | B6: ACT | C6: 12 | D6: 2026 | E6: MBWAY_PAR | F6: MBWAY | G6: MAS_MGT | H6: M2 | I6: ALT | J6: 76 | K6: 3 | L6: 638400 | M6: 31691.45 | N6: 105910.35 | O6: 28279.162 | P6: 289032.97 | Q6: 18161.482 | R6: 72047.253 | S6: 90208.735 | T6: 59970.612 | U6: 485152.06 | V6: 545122.67 | W6: 93277.329 | X6: 0 | Y6: 181094 | Z6: 605202 | AA6: 142140 | AB6: 68291 | AC6: 1452771 | AD6: 2891983 | AE6: 676344
A7: 2027BUD_V1 | B7: ACT | C7: 12 | D7: 2026 | E7: MBWAY_LYO | F7: MBWAY | G7: BAC_MGT | H7: B1 | I7: INIT | J7: 66 | K7: 3 | L7: 525690 | M7: 45273.462 | N7: 104602.79 | O7: 45449.815 | P7: 174738.26 | Q7: 14791.017 | R7: 58676.496 | S7: 73467.513 | T7: 90723.276 | U7: 352808.56 | V7: 443531.84 | W7: 82158.163 | X7: 66 | Y7: 156948 | Z7: 362623 | AA7: 120559 | AB7: 41783 | AC7: 857806 | AD7: 2891983 | AE7: 676344
A8: 2027BUD_V1 | B8: ACT | C8: 12 | D8: 2026 | E8: MBWAY_LYO | F8: MBWAY | G8: BAC_MGT | H8: B2 | I8: ALT | J8: 64 | K8: 2 | L8: 470400 | M8: 24145.846 | N8: 55788.154 | O8: 23814.123 | P8: 169443.16 | Q8: 14342.805 | R8: 56898.421 | S8: 71241.225 | T8: 47959.97 | U8: 296472.54 | V8: 344432.51 | W8: 125967.49 | X8: 0 | Y8: 156948 | Z8: 362623 | AA8: 120559 | AB8: 41783 | AC8: 857806 | AD8: 2891983 | AE8: 676344
A9: 2027BUD_V1 | B9: ACT | C9: 12 | D9: 2026 | E9: MBWAY_LYO | F9: MBWAY | G9: BAC_MGT | H9: B3 | I9: ALT | J9: 63 | K9: 2 | L9: 463050 | M9: 24145.846 | N9: 55788.154 | O9: 23442.028 | P9: 166795.61 | Q9: 14118.698 | R9: 56009.383 | S9: 70128.081 | T9: 47587.874 | U9: 292711.85 | V9: 340299.72 | W9: 122750.28 | X9: 0 | Y9: 156948 | Z9: 362623 | AA9: 120559 | AB9: 41783 | AC9: 857806 | AD9: 2891983 | AE9: 676344
A10: 2027BUD_V1 | B10: ACT | C10: 12 | D10: 2026 | E10: MBWAY_LYO | F10: MBWAY | G10: MAS_MGT | H10: M1 | I10: ALT | J10: 66 | K10: 3 | L10: 525690 | M10: 31691.423 | N10: 73221.952 | O10: 45449.815 | P10: 174738.26 | Q10: 14791.017 | R10: 58676.496 | S10: 73467.513 | T10: 77141.238 | U10: 321427.72 | V10: 398568.96 | W10: 127121.04 | X10: 66 | Y10: 156948 | Z10: 362623 | AA10: 120559 | AB10: 41783 | AC10: 857806 | AD10: 2891983 | AE10: 676344
A11: 2027BUD_V1 | B11: ACT | C11: 12 | D11: 2026 | E11: MBWAY_LYO | F11: MBWAY | G11: MAS_MGT | H11: M2 | I11: ALT | J11: 65 | K11: 3 | L11: 511875 | M11: 31691.423 | N11: 73221.952 | O11: 24186.219 | P11: 172090.71 | Q11: 14566.911 | R11: 57787.458 | S11: 72354.369 | T11: 55877.642 | U11: 317667.03 | V11: 373544.67 | W11: 138330.33 | X11: 0 | Y11: 156948 | Z11: 362623 | AA11: 120559 | AB11: 41783 | AC11: 857806 | AD11: 2891983 | AE11: 676344
A12: 2027BUD_V1 | B12: ACT | C12: 12 | D12: 2026 | E12: MBWAY_NAN | F12: MBWAY | G12: BAC_MGT | H12: B1 | I12: INIT | J12: 60 | K12: 2 | L12: 455400 | M12: 30824.468 | N12: 63588.298 | O12: 38092.214 | P12: 142624.69 | Q12: 12809.955 | R12: 50817.553 | S12: 63627.508 | T12: 68916.682 | U12: 269840.5 | V12: 338757.18 | W12: 116642.82 | X12: 60 | Y12: 144875 | Z12: 298865 | AA12: 109396 | AB12: 31533 | AC12: 698861 | AD12: 2891983 | AE12: 676344
A13: 2027BUD_V1 | B13: ACT | C13: 12 | D13: 2026 | E13: MBWAY_NAN | F13: MBWAY | G13: BAC_MGT | H13: B2 | I13: ALT | J13: 58 | K13: 2 | L13: 406000 | M13: 24659.574 | N13: 50870.638 | O13: 21581.524 | P13: 137870.54 | Q13: 12382.957 | R13: 49123.634 | S13: 61506.591 | T13: 46241.098 | U13: 250247.77 | V13: 296488.87 | W13: 109511.13 | X13: 0 | Y13: 144875 | Z13: 298865 | AA13: 109396 | AB13: 31533 | AC13: 698861 | AD13: 2891983 | AE13: 676344
... A349: 2027BUD_V1 | B349: V03 | C349: 12 | D349: 2027 | E349: TUNON_LYO | F349: TUNON | G349: BAC_TOU | H349: B3 | I349: ALT | J349: 37.61 | K349: 2 | L349: 282238.6 | M349: 23662.109 | N349: 60334.722 | O349: 14257.544 | P349: 121375.97 | Q349: 8009.608 | R349: 41910.512 | S349: 49920.12 | T349: 37919.654 | U349: 231630.81 | V349: 269550.47 | W349: 12688.138 | X349: 0 | Y349: 70986.328 | Z349: 181004.17 | AA349: 42662.55 | AB349: 17907.5 | AC349: 363190.76 | AD349: 3092074.3 | AE349: 642526.8

Sheet _CALC_ALLOC
A1: EXERCICE | B1: ENTITY | C1: MARQUE | D1: PROG | E1: AN | F1: MOD | G1: VOL_EFF | H1: VOL_CLASS | I1: CA | J1: VOL_NEW | K1: HRS | L1: E_EFF | M1: E_CLS | N1: E_CA | O1: E_HRS | P1: E_NEW | Q1: M_EFF | R1: M_CLS | S1: M_CA | T1: G_EFF | U1: G_CLS | V1: G_CA | W1: VAC | X1: PERM | Y1: ODIR | Z1: MKT | AA1: STRUCT_CAMP | AB1: SIEGE | AC1: D3C | AD1: D3E | AE1: D2E | AF1: D2M | AG1: D1M | AH1: D1G | AI1: COST_VAC | AJ1: COST_PERM | AK1: COST_ODIR | AL1: COST_STRUCT | AM1: COST_SIEGE | AN1: MARGE | AO1: FRAIS_MARQUE_TOT | AP1: D1M_K4 | AQ1: D1G_K4 | AR1: COST_MARQUE | AT1: ■ VIOLET = colonne branchee sur une saisie (cad / Pilotage / 3_Allocation) -> a recabler cote Tagetik
A2: =IF(Allocation2!D2="","",Allocation2!D2) -> 2026 | B2: =IF(Allocation2!E2="","",Allocation2!E2) -> MBWAY_PAR | C2: =IF(Allocation2!F2="","",Allocation2!F2) -> MBWAY | D2: =IF(Allocation2!G2="","",Allocation2!G2) -> BAC_MGT | E2: =IF(Allocation2!H2="","",Allocation2!H2) -> B1 | F2: =IF(Allocation2!I2="","",Allocation2!I2) -> INIT | G2: =IF(Allocation2!E2="","",Allocation2!J2) -> 78 | H2: =IF(Allocation2!E2="","",Allocation2!K2) -> 3 | I2: =IF(Allocation2!E2="","",Allocation2!L2) -> 662220 | J2: =IF($A2="","",Allocation2!X2) -> 78 | K2: =IF($A2="","",$H2*IF(AND(LEFT($D2,3)="BAC",$F2="INIT"),600,IF(LEFT($D2,3)="BAC",480,IF(AND(LEFT($D2,3)="MAS",$F2="INIT"),520,IF(LEFT($D2,3)="MAS",420,IF($F2="INIT",1000,700)))))) -> 1800 | L2: =IF($A2="","",SUMIFS($G$1:$G$175,$A$1:$A$175,$A2,$B$1:$B$175,$B2)) -> 382 | M2: =IF($A2="","",SUMIFS($H$1:$H$175,$A$1:$A$175,$A2,$B$1:$B$175,$B2)) -> 15 | N2: =IF($A2="","",SUMIFS($I$1:$I$175,$A$1:$A$175,$A2,$B$1:$B$175,$B2)) -> 3138840 | O2: =IF($A2="","",SUMIFS($K$1:$K$175,$A$1:$A$175,$A2,$B$1:$B$175,$B2)) -> 7200 | P2: =IF($A2="","",SUMIFS($J$1:$J$175,$A$1:$A$175,$A2,$B$1:$B$175,$B2)) -> 156 | Q2: =IF($A2="","",SUMIFS($G$1:$G$175,$A$1:$A$175,$A2,$C$1:$C$175,$C2)) -> 1249 | R2: =IF($A2="","",SUMIFS($H$1:$H$175,$A$1:$A$175,$A2,$C$1:$C$175,$C2)) -> 50 | S2: =IF($A2="","",SUMIFS($I$1:$I$175,$A$1:$A$175,$A2,$C$1:$C$175,$C2)) -> 9567455 | T2: =IF($A2="","",SUMIFS($G$1:$G$175,$A$1:$A$175,$A2)) -> 3036 | U2: =IF($A2="","",SUMIFS($H$1:$H$175,$A$1:$A$175,$A2)) -> 131 | V2: =IF($A2="","",SUMIFS($I$1:$I$175,$A$1:$A$175,$A2)) -> 22544725 | W2: =IF($A2="","",Allocation2!Y2) -> 181094 | X2: =IF($A2="","",Allocation2!Z2) -> 605202 | Y2: =IF($A2="","",Allocation2!AA2) -> 142140 | Z2: =IF($A2="","",Allocation2!AB2) -> 68291 | AA2: =IF($A2="","",Allocation2!AC2) -> 1452771 | AB2: =IF($A2="","",Allocation2!AD2) -> 2891983 | AC2: =IF($A2="","",IF(ALLOC!$N$4="VOL_EFF",$G2,IF(ALLOC!$N$4="VOL_CLASS",$H2,$I2))) -> 78 | AD2: =IF($A2="","",IF(ALLOC!$N$4="VOL_EFF",$L2,IF(ALLOC!$N$4="VOL_CLASS",$M2,$N2))) -> 382 | AE2: =IF($A2="","",IF(ALLOC!$N$3="VOL_EFF",$L2,IF(ALLOC!$N$3="VOL_CLASS",$M2,$N2))) -> 3138840 | AF2: =IF($A2="","",IF(ALLOC!$N$3="VOL_EFF",$Q2,IF(ALLOC!$N$3="VOL_CLASS",$R2,$S2))) -> 9567455 | AG2: =IF($A2="","",IF(ALLOC!$N$1="VOL_EFF",$Q2,IF(ALLOC!$N$1="VOL_CLASS",$R2,$S2))) -> 1249 | AH2: =IF($A2="","",IF(ALLOC!$N$1="VOL_EFF",$T2,IF(ALLOC!$N$1="VOL_CLASS",$U2,$V2))) -> 3036 | AI2: =IF($A2="","",$W2*IFERROR($K2/$O2,0)) -> 45273.5 | AJ2: =IF($A2="","",$X2*IFERROR($K2/$O2,0)) -> 151300.5 | AK2: =IF($A2="","",$Y2*IFERROR($G2/$L2,0)+$Z2*IFERROR($J2/$P2,0)) -> 63168.851 | AL2: =IF($A2="","",$AA2*IFERROR($AC2/$AD2,0)) -> 296639.1 | AM2: =IF($A2="","",$AB2*IFERROR($AG2/$AH2,0)*IFERROR($AE2/$AF2,0)*IFERROR($AC2/$AD2,0)) -> 79700.381 | AN2: =IF($A2="","",$I2-($AI2+$AJ2+$AK2+$AL2+$AM2+$AR2)) -> 7498.2476 | AO2: =IF($A2="","",Allocation2!AE2) -> 676344 | AP2: =IF($A2="","",IF(ALLOC!$N$2="VOL_EFF",$Q2,IF(ALLOC!$N$2="VOL_CLASS",$R2,$S2))) -> 1249 | AQ2: =IF($A2="","",IF(ALLOC!$N$2="VOL_EFF",$T2,IF(ALLOC!$N$2="VOL_CLASS",$U2,$V2))) -> 3036 | AR2: =IF($A2="","",$AO2*IFERROR($AP2/$AQ2,0)*IFERROR($AE2/$AF2,0)*IFERROR($AC2/$AD2,0)) -> 18639.416
A3: =IF(Allocation2!D3="","",Allocation2!D3) -> 2026 | B3: =IF(Allocation2!E3="","",Allocation2!E3) -> MBWAY_PAR | C3: =IF(Allocation2!F3="","",Allocation2!F3) -> MBWAY | D3: =IF(Allocation2!G3="","",Allocation2!G3) -> BAC_MGT | E3: =IF(Allocation2!H3="","",Allocation2!H3) -> B2 | F3: =IF(Allocation2!I3="","",Allocation2!I3) -> ALT | G3: =IF(Allocation2!E3="","",Allocation2!J3) -> 76 | H3: =IF(Allocation2!E3="","",Allocation2!K3) -> 3 | I3: =IF(Allocation2!E3="","",Allocation2!L3) -> 595840 | J3: =IF($A3="","",Allocation2!X3) -> 0 | K3: =IF($A3="","",$H3*IF(AND(LEFT($D3,3)="BAC",$F3="INIT"),600,IF(LEFT($D3,3)="BAC",480,IF(AND(LEFT($D3,3)="MAS",$F3="INIT"),520,IF(LEFT($D3,3)="MAS",420,IF($F3="INIT",1000,700)))))) -> 1440 | L3: =IF($A3="","",SUMIFS($G$1:$G$175,$A$1:$A$175,$A3,$B$1:$B$175,$B3)) -> 382 | M3: =IF($A3="","",SUMIFS($H$1:$H$175,$A$1:$A$175,$A3,$B$1:$B$175,$B3)) -> 15 | N3: =IF($A3="","",SUMIFS($I$1:$I$175,$A$1:$A$175,$A3,$B$1:$B$175,$B3)) -> 3138840 | O3: =IF($A3="","",SUMIFS($K$1:$K$175,$A$1:$A$175,$A3,$B$1:$B$175,$B3)) -> 7200 | P3: =IF($A3="","",SUMIFS($J$1:$J$175,$A$1:$A$175,$A3,$B$1:$B$175,$B3)) -> 156 | Q3: =IF($A3="","",SUMIFS($G$1:$G$175,$A$1:$A$175,$A3,$C$1:$C$175,$C3)) -> 1249 | R3: =IF($A3="","",SUMIFS($H$1:$H$175,$A$1:$A$175,$A3,$C$1:$C$175,$C3)) -> 50 | S3: =IF($A3="","",SUMIFS($I$1:$I$175,$A$1:$A$175,$A3,$C$1:$C$175,$C3)) -> 9567455 | T3: =IF($A3="","",SUMIFS($G$1:$G$175,$A$1:$A$175,$A3)) -> 3036 | U3: =IF($A3="","",SUMIFS($H$1:$H$175,$A$1:$A$175,$A3)) -> 131 | V3: =IF($A3="","",SUMIFS($I$1:$I$175,$A$1:$A$175,$A3)) -> 22544725 | W3: =IF($A3="","",Allocation2!Y3) -> 181094 | X3: =IF($A3="","",Allocation2!Z3) -> 605202 | Y3: =IF($A3="","",Allocation2!AA3) -> 142140 | Z3: =IF($A3="","",Allocation2!AB3) -> 68291 | AA3: =IF($A3="","",Allocation2!AC3) -> 1452771 | AB3: =IF($A3="","",Allocation2!AD3) -> 2891983 | AC3: =IF($A3="","",IF(ALLOC!$N$4="VOL_EFF",$G3,IF(ALLOC!$N$4="VOL_CLASS",$H3,$I3))) -> 76 | AD3: =IF($A3="","",IF(ALLOC!$N$4="VOL_EFF",$L3,IF(ALLOC!$N$4="VOL_CLASS",$M3,$N3))) -> 382 | AE3: =IF($A3="","",IF(ALLOC!$N$3="VOL_EFF",$L3,IF(ALLOC!$N$3="VOL_CLASS",$M3,$N3))) -> 3138840 | AF3: =IF($A3="","",IF(ALLOC!$N$3="VOL_EFF",$Q3,IF(ALLOC!$N$3="VOL_CLASS",$R3,$S3))) -> 9567455 | AG3: =IF($A3="","",IF(ALLOC!$N$1="VOL_EFF",$Q3,IF(ALLOC!$N$1="VOL_CLASS",$R3,$S3))) -> 1249 | AH3: =IF($A3="","",IF(ALLOC!$N$1="VOL_EFF",$T3,IF(ALLOC!$N$1="VOL_CLASS",$U3,$V3))) -> 3036 | AI3: =IF($A3="","",$W3*IFERROR($K3/$O3,0)) -> 36218.8 | AJ3: =IF($A3="","",$X3*IFERROR($K3/$O3,0)) -> 121040.4 | AK3: =IF($A3="","",$Y3*IFERROR($G3/$L3,0)+$Z3*IFERROR($J3/$P3,0)) -> 28279.162 | AL3: =IF($A3="","",$AA3*IFERROR($AC3/$AD3,0)) -> 289032.97 | AM3: =IF($A3="","",$AB3*IFERROR($AG3/$AH3,0)*IFERROR($AE3/$AF3,0)*IFERROR($AC3/$AD3,0)) -> 77656.781 | AN3: =IF($A3="","",$I3-($AI3+$AJ3+$AK3+$AL3+$AM3+$AR3)) -> 25450.4 | AO3: =IF($A3="","",Allocation2!AE3) -> 676344 | AP3: =IF($A3="","",IF(ALLOC!$N$2="VOL_EFF",$Q3,IF(ALLOC!$N$2="VOL_CLASS",$R3,$S3))) -> 1249 | AQ3: =IF($A3="","",IF(ALLOC!$N$2="VOL_EFF",$T3,IF(ALLOC!$N$2="VOL_CLASS",$U3,$V3))) -> 3036 | AR3: =IF($A3="","",$AO3*IFERROR($AP3/$AQ3,0)*IFERROR($AE3/$AF3,0)*IFERROR($AC3/$AD3,0)) -> 18161.482
A4: =IF(Allocation2!D4="","",Allocation2!D4) -> 2026 | B4: =IF(Allocation2!E4="","",Allocation2!E4) -> MBWAY_PAR | C4: =IF(Allocation2!F4="","",Allocation2!F4) -> MBWAY | D4: =IF(Allocation2!G4="","",Allocation2!G4) -> BAC_MGT | E4: =IF(Allocation2!H4="","",Allocation2!H4) -> B3 | F4: =IF(Allocation2!I4="","",Allocation2!I4) -> ALT | G4: =IF(Allocation2!E4="","",Allocation2!J4) -> 74 | H4: =IF(Allocation2!E4="","",Allocation2!K4) -> 3 | I4: =IF(Allocation2!E4="","",Allocation2!L4) -> 580160 | J4: =IF($A4="","",Allocation2!X4) -> 0 | K4: =IF($A4="","",$H4*IF(AND(LEFT($D4,3)="BAC",$F4="INIT"),600,IF(LEFT($D4,3)="BAC",480,IF(AND(LEFT($D4,3)="MAS",$F4="INIT"),520,IF(LEFT($D4,3)="MAS",420,IF($F4="INIT",1000,700)))))) -> 1440 | L4: =IF($A4="","",SUMIFS($G$1:$G$175,$A$1:$A$175,$A4,$B$1:$B$175,$B4)) -> 382 | M4: =IF($A4="","",SUMIFS($H$1:$H$175,$A$1:$A$175,$A4,$B$1:$B$175,$B4)) -> 15 | N4: =IF($A4="","",SUMIFS($I$1:$I$175,$A$1:$A$175,$A4,$B$1:$B$175,$B4)) -> 3138840 | O4: =IF($A4="","",SUMIFS($K$1:$K$175,$A$1:$A$175,$A4,$B$1:$B$175,$B4)) -> 7200 | P4: =IF($A4="","",SUMIFS($J$1:$J$175,$A$1:$A$175,$A4,$B$1:$B$175,$B4)) -> 156 | Q4: =IF($A4="","",SUMIFS($G$1:$G$175,$A$1:$A$175,$A4,$C$1:$C$175,$C4)) -> 1249 | R4: =IF($A4="","",SUMIFS($H$1:$H$175,$A$1:$A$175,$A4,$C$1:$C$175,$C4)) -> 50 | S4: =IF($A4="","",SUMIFS($I$1:$I$175,$A$1:$A$175,$A4,$C$1:$C$175,$C4)) -> 9567455 | T4: =IF($A4="","",SUMIFS($G$1:$G$175,$A$1:$A$175,$A4)) -> 3036 | U4: =IF($A4="","",SUMIFS($H$1:$H$175,$A$1:$A$175,$A4)) -> 131 | V4: =IF($A4="","",SUMIFS($I$1:$I$175,$A$1:$A$175,$A4)) -> 22544725 | W4: =IF($A4="","",Allocation2!Y4) -> 181094 | X4: =IF($A4="","",Allocation2!Z4) -> 605202 | Y4: =IF($A4="","",Allocation2!AA4) -> 142140 | Z4: =IF($A4="","",Allocation2!AB4) -> 68291 | AA4: =IF($A4="","",Allocation2!AC4) -> 1452771 | AB4: =IF($A4="","",Allocation2!AD4) -> 2891983 | AC4: =IF($A4="","",IF(ALLOC!$N$4="VOL_EFF",$G4,IF(ALLOC!$N$4="VOL_CLASS",$H4,$I4))) -> 74 | AD4: =IF($A4="","",IF(ALLOC!$N$4="VOL_EFF",$L4,IF(ALLOC!$N$4="VOL_CLASS",$M4,$N4))) -> 382 | AE4: =IF($A4="","",IF(ALLOC!$N$3="VOL_EFF",$L4,IF(ALLOC!$N$3="VOL_CLASS",$M4,$N4))) -> 3138840 | AF4: =IF($A4="","",IF(ALLOC!$N$3="VOL_EFF",$Q4,IF(ALLOC!$N$3="VOL_CLASS",$R4,$S4))) -> 9567455 | AG4: =IF($A4="","",IF(ALLOC!$N$1="VOL_EFF",$Q4,IF(ALLOC!$N$1="VOL_CLASS",$R4,$S4))) -> 1249 | AH4: =IF($A4="","",IF(ALLOC!$N$1="VOL_EFF",$T4,IF(ALLOC!$N$1="VOL_CLASS",$U4,$V4))) -> 3036 | AI4: =IF($A4="","",$W4*IFERROR($K4/$O4,0)) -> 36218.8 | AJ4: =IF($A4="","",$X4*IFERROR($K4/$O4,0)) -> 121040.4 | AK4: =IF($A4="","",$Y4*IFERROR($G4/$L4,0)+$Z4*IFERROR($J4/$P4,0)) -> 27534.974 | AL4: =IF($A4="","",$AA4*IFERROR($AC4/$AD4,0)) -> 281426.84 | AM4: =IF($A4="","",$AB4*IFERROR($AG4/$AH4,0)*IFERROR($AE4/$AF4,0)*IFERROR($AC4/$AD4,0)) -> 75613.182 | AN4: =IF($A4="","",$I4-($AI4+$AJ4+$AK4+$AL4+$AM4+$AR4)) -> 20642.253 | AO4: =IF($A4="","",Allocation2!AE4) -> 676344 | AP4: =IF($A4="","",IF(ALLOC!$N$2="VOL_EFF",$Q4,IF(ALLOC!$N$2="VOL_CLASS",$R4,$S4))) -> 1249 | AQ4: =IF($A4="","",IF(ALLOC!$N$2="VOL_EFF",$T4,IF(ALLOC!$N$2="VOL_CLASS",$U4,$V4))) -> 3036 | AR4: =IF($A4="","",$AO4*IFERROR($AP4/$AQ4,0)*IFERROR($AE4/$AF4,0)*IFERROR($AC4/$AD4,0)) -> 17683.549
A5: =IF(Allocation2!D5="","",Allocation2!D5) -> 2026 | B5: =IF(Allocation2!E5="","",Allocation2!E5) -> MBWAY_PAR | C5: =IF(Allocation2!F5="","",Allocation2!F5) -> MBWAY | D5: =IF(Allocation2!G5="","",Allocation2!G5) -> MAS_MGT | E5: =IF(Allocation2!H5="","",Allocation2!H5) -> M1 | F5: =IF(Allocation2!I5="","",Allocation2!I5) -> ALT | G5: =IF(Allocation2!E5="","",Allocation2!J5) -> 78 | H5: =IF(Allocation2!E5="","",Allocation2!K5) -> 3 | I5: =IF(Allocation2!E5="","",Allocation2!L5) -> 662220 | J5: =IF($A5="","",Allocation2!X5) -> 78 | K5: =IF($A5="","",$H5*IF(AND(LEFT($D5,3)="BAC",$F5="INIT"),600,IF(LEFT($D5,3)="BAC",480,IF(AND(LEFT($D5,3)="MAS",$F5="INIT"),520,IF(LEFT($D5,3)="MAS",420,IF($F5="INIT",1000,700)))))) -> 1260 | L5: =IF($A5="","",SUMIFS($G$1:$G$175,$A$1:$A$175,$A5,$B$1:$B$175,$B5)) -> 382 | M5: =IF($A5="","",SUMIFS($H$1:$H$175,$A$1:$A$175,$A5,$B$1:$B$175,$B5)) -> 15 | N5: =IF($A5="","",SUMIFS($I$1:$I$175,$A$1:$A$175,$A5,$B$1:$B$175,$B5)) -> 3138840 | O5: =IF($A5="","",SUMIFS($K$1:$K$175,$A$1:$A$175,$A5,$B$1:$B$175,$B5)) -> 7200 | P5: =IF($A5="","",SUMIFS($J$1:$J$175,$A$1:$A$175,$A5,$B$1:$B$175,$B5)) -> 156 | Q5: =IF($A5="","",SUMIFS($G$1:$G$175,$A$1:$A$175,$A5,$C$1:$C$175,$C5)) -> 1249 | R5: =IF($A5="","",SUMIFS($H$1:$H$175,$A$1:$A$175,$A5,$C$1:$C$175,$C5)) -> 50 | S5: =IF($A5="","",SUMIFS($I$1:$I$175,$A$1:$A$175,$A5,$C$1:$C$175,$C5)) -> 9567455 | T5: =IF($A5="","",SUMIFS($G$1:$G$175,$A$1:$A$175,$A5)) -> 3036 | U5: =IF($A5="","",SUMIFS($H$1:$H$175,$A$1:$A$175,$A5)) -> 131 | V5: =IF($A5="","",SUMIFS($I$1:$I$175,$A$1:$A$175,$A5)) -> 22544725 | W5: =IF($A5="","",Allocation2!Y5) -> 181094 | X5: =IF($A5="","",Allocation2!Z5) -> 605202 | Y5: =IF($A5="","",Allocation2!AA5) -> 142140 | Z5: =IF($A5="","",Allocation2!AB5) -> 68291 | AA5: =IF($A5="","",Allocation2!AC5) -> 1452771 | AB5: =IF($A5="","",Allocation2!AD5) -> 2891983 | AC5: =IF($A5="","",IF(ALLOC!$N$4="VOL_EFF",$G5,IF(ALLOC!$N$4="VOL_CLASS",$H5,$I5))) -> 78 | AD5: =IF($A5="","",IF(ALLOC!$N$4="VOL_EFF",$L5,IF(ALLOC!$N$4="VOL_CLASS",$M5,$N5))) -> 382 | AE5: =IF($A5="","",IF(ALLOC!$N$3="VOL_EFF",$L5,IF(ALLOC!$N$3="VOL_CLASS",$M5,$N5))) -> 3138840 | AF5: =IF($A5="","",IF(ALLOC!$N$3="VOL_EFF",$Q5,IF(ALLOC!$N$3="VOL_CLASS",$R5,$S5))) -> 9567455 | AG5: =IF($A5="","",IF(ALLOC!$N$1="VOL_EFF",$Q5,IF(ALLOC!$N$1="VOL_CLASS",$R5,$S5))) -> 1249 | AH5: =IF($A5="","",IF(ALLOC!$N$1="VOL_EFF",$T5,IF(ALLOC!$N$1="VOL_CLASS",$U5,$V5))) -> 3036 | AI5: =IF($A5="","",$W5*IFERROR($K5/$O5,0)) -> 31691.45 | AJ5: =IF($A5="","",$X5*IFERROR($K5/$O5,0)) -> 105910.35 | AK5: =IF($A5="","",$Y5*IFERROR($G5/$L5,0)+$Z5*IFERROR($J5/$P5,0)) -> 63168.851 | AL5: =IF($A5="","",$AA5*IFERROR($AC5/$AD5,0)) -> 296639.1 | AM5: =IF($A5="","",$AB5*IFERROR($AG5/$AH5,0)*IFERROR($AE5/$AF5,0)*IFERROR($AC5/$AD5,0)) -> 79700.381 | AN5: =IF($A5="","",$I5-($AI5+$AJ5+$AK5+$AL5+$AM5+$AR5)) -> 66470.448 | AO5: =IF($A5="","",Allocation2!AE5) -> 676344 | AP5: =IF($A5="","",IF(ALLOC!$N$2="VOL_EFF",$Q5,IF(ALLOC!$N$2="VOL_CLASS",$R5,$S5))) -> 1249 | AQ5: =IF($A5="","",IF(ALLOC!$N$2="VOL_EFF",$T5,IF(ALLOC!$N$2="VOL_CLASS",$U5,$V5))) -> 3036 | AR5: =IF($A5="","",$AO5*IFERROR($AP5/$AQ5,0)*IFERROR($AE5/$AF5,0)*IFERROR($AC5/$AD5,0)) -> 18639.416
A6: =IF(Allocation2!D6="","",Allocation2!D6) -> 2026 | B6: =IF(Allocation2!E6="","",Allocation2!E6) -> MBWAY_PAR | C6: =IF(Allocation2!F6="","",Allocation2!F6) -> MBWAY | D6: =IF(Allocation2!G6="","",Allocation2!G6) -> MAS_MGT | E6: =IF(Allocation2!H6="","",Allocation2!H6) -> M2 | F6: =IF(Allocation2!I6="","",Allocation2!I6) -> ALT | G6: =IF(Allocation2!E6="","",Allocation2!J6) -> 76 | H6: =IF(Allocation2!E6="","",Allocation2!K6) -> 3 | I6: =IF(Allocation2!E6="","",Allocation2!L6) -> 638400 | J6: =IF($A6="","",Allocation2!X6) -> 0 | K6: =IF($A6="","",$H6*IF(AND(LEFT($D6,3)="BAC",$F6="INIT"),600,IF(LEFT($D6,3)="BAC",480,IF(AND(LEFT($D6,3)="MAS",$F6="INIT"),520,IF(LEFT($D6,3)="MAS",420,IF($F6="INIT",1000,700)))))) -> 1260 | L6: =IF($A6="","",SUMIFS($G$1:$G$175,$A$1:$A$175,$A6,$B$1:$B$175,$B6)) -> 382 | M6: =IF($A6="","",SUMIFS($H$1:$H$175,$A$1:$A$175,$A6,$B$1:$B$175,$B6)) -> 15 | N6: =IF($A6="","",SUMIFS($I$1:$I$175,$A$1:$A$175,$A6,$B$1:$B$175,$B6)) -> 3138840 | O6: =IF($A6="","",SUMIFS($K$1:$K$175,$A$1:$A$175,$A6,$B$1:$B$175,$B6)) -> 7200 | P6: =IF($A6="","",SUMIFS($J$1:$J$175,$A$1:$A$175,$A6,$B$1:$B$175,$B6)) -> 156 | Q6: =IF($A6="","",SUMIFS($G$1:$G$175,$A$1:$A$175,$A6,$C$1:$C$175,$C6)) -> 1249 | R6: =IF($A6="","",SUMIFS($H$1:$H$175,$A$1:$A$175,$A6,$C$1:$C$175,$C6)) -> 50 | S6: =IF($A6="","",SUMIFS($I$1:$I$175,$A$1:$A$175,$A6,$C$1:$C$175,$C6)) -> 9567455 | T6: =IF($A6="","",SUMIFS($G$1:$G$175,$A$1:$A$175,$A6)) -> 3036 | U6: =IF($A6="","",SUMIFS($H$1:$H$175,$A$1:$A$175,$A6)) -> 131 | V6: =IF($A6="","",SUMIFS($I$1:$I$175,$A$1:$A$175,$A6)) -> 22544725 | W6: =IF($A6="","",Allocation2!Y6) -> 181094 | X6: =IF($A6="","",Allocation2!Z6) -> 605202 | Y6: =IF($A6="","",Allocation2!AA6) -> 142140 | Z6: =IF($A6="","",Allocation2!AB6) -> 68291 | AA6: =IF($A6="","",Allocation2!AC6) -> 1452771 | AB6: =IF($A6="","",Allocation2!AD6) -> 2891983 | AC6: =IF($A6="","",IF(ALLOC!$N$4="VOL_EFF",$G6,IF(ALLOC!$N$4="VOL_CLASS",$H6,$I6))) -> 76 | AD6: =IF($A6="","",IF(ALLOC!$N$4="VOL_EFF",$L6,IF(ALLOC!$N$4="VOL_CLASS",$M6,$N6))) -> 382 | AE6: =IF($A6="","",IF(ALLOC!$N$3="VOL_EFF",$L6,IF(ALLOC!$N$3="VOL_CLASS",$M6,$N6))) -> 3138840 | AF6: =IF($A6="","",IF(ALLOC!$N$3="VOL_EFF",$Q6,IF(ALLOC!$N$3="VOL_CLASS",$R6,$S6))) -> 9567455 | AG6: =IF($A6="","",IF(ALLOC!$N$1="VOL_EFF",$Q6,IF(ALLOC!$N$1="VOL_CLASS",$R6,$S6))) -> 1249 | AH6: =IF($A6="","",IF(ALLOC!$N$1="VOL_EFF",$T6,IF(ALLOC!$N$1="VOL_CLASS",$U6,$V6))) -> 3036 | AI6: =IF($A6="","",$W6*IFERROR($K6/$O6,0)) -> 31691.45 | AJ6: =IF($A6="","",$X6*IFERROR($K6/$O6,0)) -> 105910.35 | AK6: =IF($A6="","",$Y6*IFERROR($G6/$L6,0)+$Z6*IFERROR($J6/$P6,0)) -> 28279.162 | AL6: =IF($A6="","",$AA6*IFERROR($AC6/$AD6,0)) -> 289032.97 | AM6: =IF($A6="","",$AB6*IFERROR($AG6/$AH6,0)*IFERROR($AE6/$AF6,0)*IFERROR($AC6/$AD6,0)) -> 77656.781 | AN6: =IF($A6="","",$I6-($AI6+$AJ6+$AK6+$AL6+$AM6+$AR6)) -> 87667.8 | AO6: =IF($A6="","",Allocation2!AE6) -> 676344 | AP6: =IF($A6="","",IF(ALLOC!$N$2="VOL_EFF",$Q6,IF(ALLOC!$N$2="VOL_CLASS",$R6,$S6))) -> 1249 | AQ6: =IF($A6="","",IF(ALLOC!$N$2="VOL_EFF",$T6,IF(ALLOC!$N$2="VOL_CLASS",$U6,$V6))) -> 3036 | AR6: =IF($A6="","",$AO6*IFERROR($AP6/$AQ6,0)*IFERROR($AE6/$AF6,0)*IFERROR($AC6/$AD6,0)) -> 18161.482
A7: =IF(Allocation2!D7="","",Allocation2!D7) -> 2026 | B7: =IF(Allocation2!E7="","",Allocation2!E7) -> MBWAY_LYO | C7: =IF(Allocation2!F7="","",Allocation2!F7) -> MBWAY | D7: =IF(Allocation2!G7="","",Allocation2!G7) -> BAC_MGT | E7: =IF(Allocation2!H7="","",Allocation2!H7) -> B1 | F7: =IF(Allocation2!I7="","",Allocation2!I7) -> INIT | G7: =IF(Allocation2!E7="","",Allocation2!J7) -> 66 | H7: =IF(Allocation2!E7="","",Allocation2!K7) -> 3 | I7: =IF(Allocation2!E7="","",Allocation2!L7) -> 525690 | J7: =IF($A7="","",Allocation2!X7) -> 66 | K7: =IF($A7="","",$H7*IF(AND(LEFT($D7,3)="BAC",$F7="INIT"),600,IF(LEFT($D7,3)="BAC",480,IF(AND(LEFT($D7,3)="MAS",$F7="INIT"),520,IF(LEFT($D7,3)="MAS",420,IF($F7="INIT",1000,700)))))) -> 1800 | L7: =IF($A7="","",SUMIFS($G$1:$G$175,$A$1:$A$175,$A7,$B$1:$B$175,$B7)) -> 324 | M7: =IF($A7="","",SUMIFS($H$1:$H$175,$A$1:$A$175,$A7,$B$1:$B$175,$B7)) -> 13 | N7: =IF($A7="","",SUMIFS($I$1:$I$175,$A$1:$A$175,$A7,$B$1:$B$175,$B7)) -> 2496705 | O7: =IF($A7="","",SUMIFS($K$1:$K$175,$A$1:$A$175,$A7,$B$1:$B$175,$B7)) -> 6240 | P7: =IF($A7="","",SUMIFS($J$1:$J$175,$A$1:$A$175,$A7,$B$1:$B$175,$B7)) -> 132 | Q7: =IF($A7="","",SUMIFS($G$1:$G$175,$A$1:$A$175,$A7,$C$1:$C$175,$C7)) -> 1249 | R7: =IF($A7="","",SUMIFS($H$1:$H$175,$A$1:$A$175,$A7,$C$1:$C$175,$C7)) -> 50 | S7: =IF($A7="","",SUMIFS($I$1:$I$175,$A$1:$A$175,$A7,$C$1:$C$175,$C7)) -> 9567455 | T7: =IF($A7="","",SUMIFS($G$1:$G$175,$A$1:$A$175,$A7)) -> 3036 | U7: =IF($A7="","",SUMIFS($H$1:$H$175,$A$1:$A$175,$A7)) -> 131 | V7: =IF($A7="","",SUMIFS($I$1:$I$175,$A$1:$A$175,$A7)) -> 22544725 | W7: =IF($A7="","",Allocation2!Y7) -> 156948 | X7: =IF($A7="","",Allocation2!Z7) -> 362623 | Y7: =IF($A7="","",Allocation2!AA7) -> 120559 | Z7: =IF($A7="","",Allocation2!AB7) -> 41783 | AA7: =IF($A7="","",Allocation2!AC7) -> 857806 | AB7: =IF($A7="","",Allocation2!AD7) -> 2891983 | AC7: =IF($A7="","",IF(ALLOC!$N$4="VOL_EFF",$G7,IF(ALLOC!$N$4="VOL_CLASS",$H7,$I7))) -> 66 | AD7: =IF($A7="","",IF(ALLOC!$N$4="VOL_EFF",$L7,IF(ALLOC!$N$4="VOL_CLASS",$M7,$N7))) -> 324 | AE7: =IF($A7="","",IF(ALLOC!$N$3="VOL_EFF",$L7,IF(ALLOC!$N$3="VOL_CLASS",$M7,$N7))) -> 2496705 | AF7: =IF($A7="","",IF(ALLOC!$N$3="VOL_EFF",$Q7,IF(ALLOC!$N$3="VOL_CLASS",$R7,$S7))) -> 9567455 | AG7: =IF($A7="","",IF(ALLOC!$N$1="VOL_EFF",$Q7,IF(ALLOC!$N$1="VOL_CLASS",$R7,$S7))) -> 1249 | AH7: =IF($A7="","",IF(ALLOC!$N$1="VOL_EFF",$T7,IF(ALLOC!$N$1="VOL_CLASS",$U7,$V7))) -> 3036 | AI7: =IF($A7="","",$W7*IFERROR($K7/$O7,0)) -> 45273.462 | AJ7: =IF($A7="","",$X7*IFERROR($K7/$O7,0)) -> 104602.79 | AK7: =IF($A7="","",$Y7*IFERROR($G7/$L7,0)+$Z7*IFERROR($J7/$P7,0)) -> 45449.815 | AL7: =IF($A7="","",$AA7*IFERROR($AC7/$AD7,0)) -> 174738.26 | AM7: =IF($A7="","",$AB7*IFERROR($AG7/$AH7,0)*IFERROR($AE7/$AF7,0)*IFERROR($AC7/$AD7,0)) -> 63244.991 | AN7: =IF($A7="","",$I7-($AI7+$AJ7+$AK7+$AL7+$AM7+$AR7)) -> 77589.668 | AO7: =IF($A7="","",Allocation2!AE7) -> 676344 | AP7: =IF($A7="","",IF(ALLOC!$N$2="VOL_EFF",$Q7,IF(ALLOC!$N$2="VOL_CLASS",$R7,$S7))) -> 1249 | AQ7: =IF($A7="","",IF(ALLOC!$N$2="VOL_EFF",$T7,IF(ALLOC!$N$2="VOL_CLASS",$U7,$V7))) -> 3036 | AR7: =IF($A7="","",$AO7*IFERROR($AP7/$AQ7,0)*IFERROR($AE7/$AF7,0)*IFERROR($AC7/$AD7,0)) -> 14791.017
A8: =IF(Allocation2!D8="","",Allocation2!D8) -> 2026 | B8: =IF(Allocation2!E8="","",Allocation2!E8) -> MBWAY_LYO | C8: =IF(Allocation2!F8="","",Allocation2!F8) -> MBWAY | D8: =IF(Allocation2!G8="","",Allocation2!G8) -> BAC_MGT | E8: =IF(Allocation2!H8="","",Allocation2!H8) -> B2 | F8: =IF(Allocation2!I8="","",Allocation2!I8) -> ALT | G8: =IF(Allocation2!E8="","",Allocation2!J8) -> 64 | H8: =IF(Allocation2!E8="","",Allocation2!K8) -> 2 | I8: =IF(Allocation2!E8="","",Allocation2!L8) -> 470400 | J8: =IF($A8="","",Allocation2!X8) -> 0 | K8: =IF($A8="","",$H8*IF(AND(LEFT($D8,3)="BAC",$F8="INIT"),600,IF(LEFT($D8,3)="BAC",480,IF(AND(LEFT($D8,3)="MAS",$F8="INIT"),520,IF(LEFT($D8,3)="MAS",420,IF($F8="INIT",1000,700)))))) -> 960 | L8: =IF($A8="","",SUMIFS($G$1:$G$175,$A$1:$A$175,$A8,$B$1:$B$175,$B8)) -> 324 | M8: =IF($A8="","",SUMIFS($H$1:$H$175,$A$1:$A$175,$A8,$B$1:$B$175,$B8)) -> 13 | N8: =IF($A8="","",SUMIFS($I$1:$I$175,$A$1:$A$175,$A8,$B$1:$B$175,$B8)) -> 2496705 | O8: =IF($A8="","",SUMIFS($K$1:$K$175,$A$1:$A$175,$A8,$B$1:$B$175,$B8)) -> 6240 | P8: =IF($A8="","",SUMIFS($J$1:$J$175,$A$1:$A$175,$A8,$B$1:$B$175,$B8)) -> 132 | Q8: =IF($A8="","",SUMIFS($G$1:$G$175,$A$1:$A$175,$A8,$C$1:$C$175,$C8)) -> 1249 | R8: =IF($A8="","",SUMIFS($H$1:$H$175,$A$1:$A$175,$A8,$C$1:$C$175,$C8)) -> 50 | S8: =IF($A8="","",SUMIFS($I$1:$I$175,$A$1:$A$175,$A8,$C$1:$C$175,$C8)) -> 9567455 | T8: =IF($A8="","",SUMIFS($G$1:$G$175,$A$1:$A$175,$A8)) -> 3036 | U8: =IF($A8="","",SUMIFS($H$1:$H$175,$A$1:$A$175,$A8)) -> 131 | V8: =IF($A8="","",SUMIFS($I$1:$I$175,$A$1:$A$175,$A8)) -> 22544725 | W8: =IF($A8="","",Allocation2!Y8) -> 156948 | X8: =IF($A8="","",Allocation2!Z8) -> 362623 | Y8: =IF($A8="","",Allocation2!AA8) -> 120559 | Z8: =IF($A8="","",Allocation2!AB8) -> 41783 | AA8: =IF($A8="","",Allocation2!AC8) -> 857806 | AB8: =IF($A8="","",Allocation2!AD8) -> 2891983 | AC8: =IF($A8="","",IF(ALLOC!$N$4="VOL_EFF",$G8,IF(ALLOC!$N$4="VOL_CLASS",$H8,$I8))) -> 64 | AD8: =IF($A8="","",IF(ALLOC!$N$4="VOL_EFF",$L8,IF(ALLOC!$N$4="VOL_CLASS",$M8,$N8))) -> 324 | AE8: =IF($A8="","",IF(ALLOC!$N$3="VOL_EFF",$L8,IF(ALLOC!$N$3="VOL_CLASS",$M8,$N8))) -> 2496705 | AF8: =IF($A8="","",IF(ALLOC!$N$3="VOL_EFF",$Q8,IF(ALLOC!$N$3="VOL_CLASS",$R8,$S8))) -> 9567455 | AG8: =IF($A8="","",IF(ALLOC!$N$1="VOL_EFF",$Q8,IF(ALLOC!$N$1="VOL_CLASS",$R8,$S8))) -> 1249 | AH8: =IF($A8="","",IF(ALLOC!$N$1="VOL_EFF",$T8,IF(ALLOC!$N$1="VOL_CLASS",$U8,$V8))) -> 3036 | AI8: =IF($A8="","",$W8*IFERROR($K8/$O8,0)) -> 24145.846 | AJ8: =IF($A8="","",$X8*IFERROR($K8/$O8,0)) -> 55788.154 | AK8: =IF($A8="","",$Y8*IFERROR($G8/$L8,0)+$Z8*IFERROR($J8/$P8,0)) -> 23814.123 | AL8: =IF($A8="","",$AA8*IFERROR($AC8/$AD8,0)) -> 169443.16 | AM8: =IF($A8="","",$AB8*IFERROR($AG8/$AH8,0)*IFERROR($AE8/$AF8,0)*IFERROR($AC8/$AD8,0)) -> 61328.476 | AN8: =IF($A8="","",$I8-($AI8+$AJ8+$AK8+$AL8+$AM8+$AR8)) -> 121537.44 | AO8: =IF($A8="","",Allocation2!AE8) -> 676344 | AP8: =IF($A8="","",IF(ALLOC!$N$2="VOL_EFF",$Q8,IF(ALLOC!$N$2="VOL_CLASS",$R8,$S8))) -> 1249 | AQ8: =IF($A8="","",IF(ALLOC!$N$2="VOL_EFF",$T8,IF(ALLOC!$N$2="VOL_CLASS",$U8,$V8))) -> 3036 | AR8: =IF($A8="","",$AO8*IFERROR($AP8/$AQ8,0)*IFERROR($AE8/$AF8,0)*IFERROR($AC8/$AD8,0)) -> 14342.805
A9: =IF(Allocation2!D9="","",Allocation2!D9) -> 2026 | B9: =IF(Allocation2!E9="","",Allocation2!E9) -> MBWAY_LYO | C9: =IF(Allocation2!F9="","",Allocation2!F9) -> MBWAY | D9: =IF(Allocation2!G9="","",Allocation2!G9) -> BAC_MGT | E9: =IF(Allocation2!H9="","",Allocation2!H9) -> B3 | F9: =IF(Allocation2!I9="","",Allocation2!I9) -> ALT | G9: =IF(Allocation2!E9="","",Allocation2!J9) -> 63 | H9: =IF(Allocation2!E9="","",Allocation2!K9) -> 2 | I9: =IF(Allocation2!E9="","",Allocation2!L9) -> 463050 | J9: =IF($A9="","",Allocation2!X9) -> 0 | K9: =IF($A9="","",$H9*IF(AND(LEFT($D9,3)="BAC",$F9="INIT"),600,IF(LEFT($D9,3)="BAC",480,IF(AND(LEFT($D9,3)="MAS",$F9="INIT"),520,IF(LEFT($D9,3)="MAS",420,IF($F9="INIT",1000,700)))))) -> 960 | L9: =IF($A9="","",SUMIFS($G$1:$G$175,$A$1:$A$175,$A9,$B$1:$B$175,$B9)) -> 324 | M9: =IF($A9="","",SUMIFS($H$1:$H$175,$A$1:$A$175,$A9,$B$1:$B$175,$B9)) -> 13 | N9: =IF($A9="","",SUMIFS($I$1:$I$175,$A$1:$A$175,$A9,$B$1:$B$175,$B9)) -> 2496705 | O9: =IF($A9="","",SUMIFS($K$1:$K$175,$A$1:$A$175,$A9,$B$1:$B$175,$B9)) -> 6240 | P9: =IF($A9="","",SUMIFS($J$1:$J$175,$A$1:$A$175,$A9,$B$1:$B$175,$B9)) -> 132 | Q9: =IF($A9="","",SUMIFS($G$1:$G$175,$A$1:$A$175,$A9,$C$1:$C$175,$C9)) -> 1249 | R9: =IF($A9="","",SUMIFS($H$1:$H$175,$A$1:$A$175,$A9,$C$1:$C$175,$C9)) -> 50 | S9: =IF($A9="","",SUMIFS($I$1:$I$175,$A$1:$A$175,$A9,$C$1:$C$175,$C9)) -> 9567455 | T9: =IF($A9="","",SUMIFS($G$1:$G$175,$A$1:$A$175,$A9)) -> 3036 | U9: =IF($A9="","",SUMIFS($H$1:$H$175,$A$1:$A$175,$A9)) -> 131 | V9: =IF($A9="","",SUMIFS($I$1:$I$175,$A$1:$A$175,$A9)) -> 22544725 | W9: =IF($A9="","",Allocation2!Y9) -> 156948 | X9: =IF($A9="","",Allocation2!Z9) -> 362623 | Y9: =IF($A9="","",Allocation2!AA9) -> 120559 | Z9: =IF($A9="","",Allocation2!AB9) -> 41783 | AA9: =IF($A9="","",Allocation2!AC9) -> 857806 | AB9: =IF($A9="","",Allocation2!AD9) -> 2891983 | AC9: =IF($A9="","",IF(ALLOC!$N$4="VOL_EFF",$G9,IF(ALLOC!$N$4="VOL_CLASS",$H9,$I9))) -> 63 | AD9: =IF($A9="","",IF(ALLOC!$N$4="VOL_EFF",$L9,IF(ALLOC!$N$4="VOL_CLASS",$M9,$N9))) -> 324 | AE9: =IF($A9="","",IF(ALLOC!$N$3="VOL_EFF",$L9,IF(ALLOC!$N$3="VOL_CLASS",$M9,$N9))) -> 2496705 | AF9: =IF($A9="","",IF(ALLOC!$N$3="VOL_EFF",$Q9,IF(ALLOC!$N$3="VOL_CLASS",$R9,$S9))) -> 9567455 | AG9: =IF($A9="","",IF(ALLOC!$N$1="VOL_EFF",$Q9,IF(ALLOC!$N$1="VOL_CLASS",$R9,$S9))) -> 1249 | AH9: =IF($A9="","",IF(ALLOC!$N$1="VOL_EFF",$T9,IF(ALLOC!$N$1="VOL_CLASS",$U9,$V9))) -> 3036 | AI9: =IF($A9="","",$W9*IFERROR($K9/$O9,0)) -> 24145.846 | AJ9: =IF($A9="","",$X9*IFERROR($K9/$O9,0)) -> 55788.154 | AK9: =IF($A9="","",$Y9*IFERROR($G9/$L9,0)+$Z9*IFERROR($J9/$P9,0)) -> 23442.028 | AL9: =IF($A9="","",$AA9*IFERROR($AC9/$AD9,0)) -> 166795.61 | AM9: =IF($A9="","",$AB9*IFERROR($AG9/$AH9,0)*IFERROR($AE9/$AF9,0)*IFERROR($AC9/$AD9,0)) -> 60370.219 | AN9: =IF($A9="","",$I9-($AI9+$AJ9+$AK9+$AL9+$AM9+$AR9)) -> 118389.44 | AO9: =IF($A9="","",Allocation2!AE9) -> 676344 | AP9: =IF($A9="","",IF(ALLOC!$N$2="VOL_EFF",$Q9,IF(ALLOC!$N$2="VOL_CLASS",$R9,$S9))) -> 1249 | AQ9: =IF($A9="","",IF(ALLOC!$N$2="VOL_EFF",$T9,IF(ALLOC!$N$2="VOL_CLASS",$U9,$V9))) -> 3036 | AR9: =IF($A9="","",$AO9*IFERROR($AP9/$AQ9,0)*IFERROR($AE9/$AF9,0)*IFERROR($AC9/$AD9,0)) -> 14118.698
A10: =IF(Allocation2!D10="","",Allocation2!D10) -> 2026 | B10: =IF(Allocation2!E10="","",Allocation2!E10) -> MBWAY_LYO | C10: =IF(Allocation2!F10="","",Allocation2!F10) -> MBWAY | D10: =IF(Allocation2!G10="","",Allocation2!G10) -> MAS_MGT | E10: =IF(Allocation2!H10="","",Allocation2!H10) -> M1 | F10: =IF(Allocation2!I10="","",Allocation2!I10) -> ALT | G10: =IF(Allocation2!E10="","",Allocation2!J10) -> 66 | H10: =IF(Allocation2!E10="","",Allocation2!K10) -> 3 | I10: =IF(Allocation2!E10="","",Allocation2!L10) -> 525690 | J10: =IF($A10="","",Allocation2!X10) -> 66 | K10: =IF($A10="","",$H10*IF(AND(LEFT($D10,3)="BAC",$F10="INIT"),600,IF(LEFT($D10,3)="BAC",480,IF(AND(LEFT($D10,3)="MAS",$F10="INIT"),520,IF(LEFT($D10,3)="MAS",420,IF($F10="INIT",1000,700)))))) -> 1260 | L10: =IF($A10="","",SUMIFS($G$1:$G$175,$A$1:$A$175,$A10,$B$1:$B$175,$B10)) -> 324 | M10: =IF($A10="","",SUMIFS($H$1:$H$175,$A$1:$A$175,$A10,$B$1:$B$175,$B10)) -> 13 | N10: =IF($A10="","",SUMIFS($I$1:$I$175,$A$1:$A$175,$A10,$B$1:$B$175,$B10)) -> 2496705 | O10: =IF($A10="","",SUMIFS($K$1:$K$175,$A$1:$A$175,$A10,$B$1:$B$175,$B10)) -> 6240 | P10: =IF($A10="","",SUMIFS($J$1:$J$175,$A$1:$A$175,$A10,$B$1:$B$175,$B10)) -> 132 | Q10: =IF($A10="","",SUMIFS($G$1:$G$175,$A$1:$A$175,$A10,$C$1:$C$175,$C10)) -> 1249 | R10: =IF($A10="","",SUMIFS($H$1:$H$175,$A$1:$A$175,$A10,$C$1:$C$175,$C10)) -> 50 | S10: =IF($A10="","",SUMIFS($I$1:$I$175,$A$1:$A$175,$A10,$C$1:$C$175,$C10)) -> 9567455 | T10: =IF($A10="","",SUMIFS($G$1:$G$175,$A$1:$A$175,$A10)) -> 3036 | U10: =IF($A10="","",SUMIFS($H$1:$H$175,$A$1:$A$175,$A10)) -> 131 | V10: =IF($A10="","",SUMIFS($I$1:$I$175,$A$1:$A$175,$A10)) -> 22544725 | W10: =IF($A10="","",Allocation2!Y10) -> 156948 | X10: =IF($A10="","",Allocation2!Z10) -> 362623 | Y10: =IF($A10="","",Allocation2!AA10) -> 120559 | Z10: =IF($A10="","",Allocation2!AB10) -> 41783 | AA10: =IF($A10="","",Allocation2!AC10) -> 857806 | AB10: =IF($A10="","",Allocation2!AD10) -> 2891983 | AC10: =IF($A10="","",IF(ALLOC!$N$4="VOL_EFF",$G10,IF(ALLOC!$N$4="VOL_CLASS",$H10,$I10))) -> 66 | AD10: =IF($A10="","",IF(ALLOC!$N$4="VOL_EFF",$L10,IF(ALLOC!$N$4="VOL_CLASS",$M10,$N10))) -> 324 | AE10: =IF($A10="","",IF(ALLOC!$N$3="VOL_EFF",$L10,IF(ALLOC!$N$3="VOL_CLASS",$M10,$N10))) -> 2496705 | AF10: =IF($A10="","",IF(ALLOC!$N$3="VOL_EFF",$Q10,IF(ALLOC!$N$3="VOL_CLASS",$R10,$S10))) -> 9567455 | AG10: =IF($A10="","",IF(ALLOC!$N$1="VOL_EFF",$Q10,IF(ALLOC!$N$1="VOL_CLASS",$R10,$S10))) -> 1249 | AH10: =IF($A10="","",IF(ALLOC!$N$1="VOL_EFF",$T10,IF(ALLOC!$N$1="VOL_CLASS",$U10,$V10))) -> 3036 | AI10: =IF($A10="","",$W10*IFERROR($K10/$O10,0)) -> 31691.423 | AJ10: =IF($A10="","",$X10*IFERROR($K10/$O10,0)) -> 73221.952 | AK10: =IF($A10="","",$Y10*IFERROR($G10/$L10,0)+$Z10*IFERROR($J10/$P10,0)) -> 45449.815 | AL10: =IF($A10="","",$AA10*IFERROR($AC10/$AD10,0)) -> 174738.26 | AM10: =IF($A10="","",$AB10*IFERROR($AG10/$AH10,0)*IFERROR($AE10/$AF10,0)*IFERROR($AC10/$AD10,0)) -> 63244.991 | AN10: =IF($A10="","",$I10-($AI10+$AJ10+$AK10+$AL10+$AM10+$AR10)) -> 122552.54 | AO10: =IF($A10="","",Allocation2!AE10) -> 676344 | AP10: =IF($A10="","",IF(ALLOC!$N$2="VOL_EFF",$Q10,IF(ALLOC!$N$2="VOL_CLASS",$R10,$S10))) -> 1249 | AQ10: =IF($A10="","",IF(ALLOC!$N$2="VOL_EFF",$T10,IF(ALLOC!$N$2="VOL_CLASS",$U10,$V10))) -> 3036 | AR10: =IF($A10="","",$AO10*IFERROR($AP10/$AQ10,0)*IFERROR($AE10/$AF10,0)*IFERROR($AC10/$AD10,0)) -> 14791.017
A11: =IF(Allocation2!D11="","",Allocation2!D11) -> 2026 | B11: =IF(Allocation2!E11="","",Allocation2!E11) -> MBWAY_LYO | C11: =IF(Allocation2!F11="","",Allocation2!F11) -> MBWAY | D11: =IF(Allocation2!G11="","",Allocation2!G11) -> MAS_MGT | E11: =IF(Allocation2!H11="","",Allocation2!H11) -> M2 | F11: =IF(Allocation2!I11="","",Allocation2!I11) -> ALT | G11: =IF(Allocation2!E11="","",Allocation2!J11) -> 65 | H11: =IF(Allocation2!E11="","",Allocation2!K11) -> 3 | I11: =IF(Allocation2!E11="","",Allocation2!L11) -> 511875 | J11: =IF($A11="","",Allocation2!X11) -> 0 | K11: =IF($A11="","",$H11*IF(AND(LEFT($D11,3)="BAC",$F11="INIT"),600,IF(LEFT($D11,3)="BAC",480,IF(AND(LEFT($D11,3)="MAS",$F11="INIT"),520,IF(LEFT($D11,3)="MAS",420,IF($F11="INIT",1000,700)))))) -> 1260 | L11: =IF($A11="","",SUMIFS($G$1:$G$175,$A$1:$A$175,$A11,$B$1:$B$175,$B11)) -> 324 | M11: =IF($A11="","",SUMIFS($H$1:$H$175,$A$1:$A$175,$A11,$B$1:$B$175,$B11)) -> 13 | N11: =IF($A11="","",SUMIFS($I$1:$I$175,$A$1:$A$175,$A11,$B$1:$B$175,$B11)) -> 2496705 | O11: =IF($A11="","",SUMIFS($K$1:$K$175,$A$1:$A$175,$A11,$B$1:$B$175,$B11)) -> 6240 | P11: =IF($A11="","",SUMIFS($J$1:$J$175,$A$1:$A$175,$A11,$B$1:$B$175,$B11)) -> 132 | Q11: =IF($A11="","",SUMIFS($G$1:$G$175,$A$1:$A$175,$A11,$C$1:$C$175,$C11)) -> 1249 | R11: =IF($A11="","",SUMIFS($H$1:$H$175,$A$1:$A$175,$A11,$C$1:$C$175,$C11)) -> 50 | S11: =IF($A11="","",SUMIFS($I$1:$I$175,$A$1:$A$175,$A11,$C$1:$C$175,$C11)) -> 9567455 | T11: =IF($A11="","",SUMIFS($G$1:$G$175,$A$1:$A$175,$A11)) -> 3036 | U11: =IF($A11="","",SUMIFS($H$1:$H$175,$A$1:$A$175,$A11)) -> 131 | V11: =IF($A11="","",SUMIFS($I$1:$I$175,$A$1:$A$175,$A11)) -> 22544725 | W11: =IF($A11="","",Allocation2!Y11) -> 156948 | X11: =IF($A11="","",Allocation2!Z11) -> 362623 | Y11: =IF($A11="","",Allocation2!AA11) -> 120559 | Z11: =IF($A11="","",Allocation2!AB11) -> 41783 | AA11: =IF($A11="","",Allocation2!AC11) -> 857806 | AB11: =IF($A11="","",Allocation2!AD11) -> 2891983 | AC11: =IF($A11="","",IF(ALLOC!$N$4="VOL_EFF",$G11,IF(ALLOC!$N$4="VOL_CLASS",$H11,$I11))) -> 65 | AD11: =IF($A11="","",IF(ALLOC!$N$4="VOL_EFF",$L11,IF(ALLOC!$N$4="VOL_CLASS",$M11,$N11))) -> 324 | AE11: =IF($A11="","",IF(ALLOC!$N$3="VOL_EFF",$L11,IF(ALLOC!$N$3="VOL_CLASS",$M11,$N11))) -> 2496705 | AF11: =IF($A11="","",IF(ALLOC!$N$3="VOL_EFF",$Q11,IF(ALLOC!$N$3="VOL_CLASS",$R11,$S11))) -> 9567455 | AG11: =IF($A11="","",IF(ALLOC!$N$1="VOL_EFF",$Q11,IF(ALLOC!$N$1="VOL_CLASS",$R11,$S11))) -> 1249 | AH11: =IF($A11="","",IF(ALLOC!$N$1="VOL_EFF",$T11,IF(ALLOC!$N$1="VOL_CLASS",$U11,$V11))) -> 3036 | AI11: =IF($A11="","",$W11*IFERROR($K11/$O11,0)) -> 31691.423 | AJ11: =IF($A11="","",$X11*IFERROR($K11/$O11,0)) -> 73221.952 | AK11: =IF($A11="","",$Y11*IFERROR($G11/$L11,0)+$Z11*IFERROR($J11/$P11,0)) -> 24186.219 | AL11: =IF($A11="","",$AA11*IFERROR($AC11/$AD11,0)) -> 172090.71 | AM11: =IF($A11="","",$AB11*IFERROR($AG11/$AH11,0)*IFERROR($AE11/$AF11,0)*IFERROR($AC11/$AD11,0)) -> 62286.734 | AN11: =IF($A11="","",$I11-($AI11+$AJ11+$AK11+$AL11+$AM11+$AR11)) -> 133831.05 | AO11: =IF($A11="","",Allocation2!AE11) -> 676344 | AP11: =IF($A11="","",IF(ALLOC!$N$2="VOL_EFF",$Q11,IF(ALLOC!$N$2="VOL_CLASS",$R11,$S11))) -> 1249 | AQ11: =IF($A11="","",IF(ALLOC!$N$2="VOL_EFF",$T11,IF(ALLOC!$N$2="VOL_CLASS",$U11,$V11))) -> 3036 | AR11: =IF($A11="","",$AO11*IFERROR($AP11/$AQ11,0)*IFERROR($AE11/$AF11,0)*IFERROR($AC11/$AD11,0)) -> 14566.911
A12: =IF(Allocation2!D12="","",Allocation2!D12) -> 2026 | B12: =IF(Allocation2!E12="","",Allocation2!E12) -> MBWAY_NAN | C12: =IF(Allocation2!F12="","",Allocation2!F12) -> MBWAY | D12: =IF(Allocation2!G12="","",Allocation2!G12) -> BAC_MGT | E12: =IF(Allocation2!H12="","",Allocation2!H12) -> B1 | F12: =IF(Allocation2!I12="","",Allocation2!I12) -> INIT | G12: =IF(Allocation2!E12="","",Allocation2!J12) -> 60 | H12: =IF(Allocation2!E12="","",Allocation2!K12) -> 2 | I12: =IF(Allocation2!E12="","",Allocation2!L12) -> 455400 | J12: =IF($A12="","",Allocation2!X12) -> 60 | K12: =IF($A12="","",$H12*IF(AND(LEFT($D12,3)="BAC",$F12="INIT"),600,IF(LEFT($D12,3)="BAC",480,IF(AND(LEFT($D12,3)="MAS",$F12="INIT"),520,IF(LEFT($D12,3)="MAS",420,IF($F12="INIT",1000,700)))))) -> 1200 | L12: =IF($A12="","",SUMIFS($G$1:$G$175,$A$1:$A$175,$A12,$B$1:$B$175,$B12)) -> 294 | M12: =IF($A12="","",SUMIFS($H$1:$H$175,$A$1:$A$175,$A12,$B$1:$B$175,$B12)) -> 12 | N12: =IF($A12="","",SUMIFS($I$1:$I$175,$A$1:$A$175,$A12,$B$1:$B$175,$B12)) -> 2158300 | O12: =IF($A12="","",SUMIFS($K$1:$K$175,$A$1:$A$175,$A12,$B$1:$B$175,$B12)) -> 5640 | P12: =IF($A12="","",SUMIFS($J$1:$J$175,$A$1:$A$175,$A12,$B$1:$B$175,$B12)) -> 120 | Q12: =IF($A12="","",SUMIFS($G$1:$G$175,$A$1:$A$175,$A12,$C$1:$C$175,$C12)) -> 1249 | R12: =IF($A12="","",SUMIFS($H$1:$H$175,$A$1:$A$175,$A12,$C$1:$C$175,$C12)) -> 50 | S12: =IF($A12="","",SUMIFS($I$1:$I$175,$A$1:$A$175,$A12,$C$1:$C$175,$C12)) -> 9567455 | T12: =IF($A12="","",SUMIFS($G$1:$G$175,$A$1:$A$175,$A12)) -> 3036 | U12: =IF($A12="","",SUMIFS($H$1:$H$175,$A$1:$A$175,$A12)) -> 131 | V12: =IF($A12="","",SUMIFS($I$1:$I$175,$A$1:$A$175,$A12)) -> 22544725 | W12: =IF($A12="","",Allocation2!Y12) -> 144875 | X12: =IF($A12="","",Allocation2!Z12) -> 298865 | Y12: =IF($A12="","",Allocation2!AA12) -> 109396 | Z12: =IF($A12="","",Allocation2!AB12) -> 31533 | AA12: =IF($A12="","",Allocation2!AC12) -> 698861 | AB12: =IF($A12="","",Allocation2!AD12) -> 2891983 | AC12: =IF($A12="","",IF(ALLOC!$N$4="VOL_EFF",$G12,IF(ALLOC!$N$4="VOL_CLASS",$H12,$I12))) -> 60 | AD12: =IF($A12="","",IF(ALLOC!$N$4="VOL_EFF",$L12,IF(ALLOC!$N$4="VOL_CLASS",$M12,$N12))) -> 294 | AE12: =IF($A12="","",IF(ALLOC!$N$3="VOL_EFF",$L12,IF(ALLOC!$N$3="VOL_CLASS",$M12,$N12))) -> 2158300 | AF12: =IF($A12="","",IF(ALLOC!$N$3="VOL_EFF",$Q12,IF(ALLOC!$N$3="VOL_CLASS",$R12,$S12))) -> 9567455 | AG12: =IF($A12="","",IF(ALLOC!$N$1="VOL_EFF",$Q12,IF(ALLOC!$N$1="VOL_CLASS",$R12,$S12))) -> 1249 | AH12: =IF($A12="","",IF(ALLOC!$N$1="VOL_EFF",$T12,IF(ALLOC!$N$1="VOL_CLASS",$U12,$V12))) -> 3036 | AI12: =IF($A12="","",$W12*IFERROR($K12/$O12,0)) -> 30824.468 | AJ12: =IF($A12="","",$X12*IFERROR($K12/$O12,0)) -> 63588.298 | AK12: =IF($A12="","",$Y12*IFERROR($G12/$L12,0)+$Z12*IFERROR($J12/$P12,0)) -> 38092.214 | AL12: =IF($A12="","",$AA12*IFERROR($AC12/$AD12,0)) -> 142624.69 | AM12: =IF($A12="","",$AB12*IFERROR($AG12/$AH12,0)*IFERROR($AE12/$AF12,0)*IFERROR($AC12/$AD12,0)) -> 54774.158 | AN12: =IF($A12="","",$I12-($AI12+$AJ12+$AK12+$AL12+$AM12+$AR12)) -> 112686.21 | AO12: =IF($A12="","",Allocation2!AE12) -> 676344 | AP12: =IF($A12="","",IF(ALLOC!$N$2="VOL_EFF",$Q12,IF(ALLOC!$N$2="VOL_CLASS",$R12,$S12))) -> 1249 | AQ12: =IF($A12="","",IF(ALLOC!$N$2="VOL_EFF",$T12,IF(ALLOC!$N$2="VOL_CLASS",$U12,$V12))) -> 3036 | AR12: =IF($A12="","",$AO12*IFERROR($AP12/$AQ12,0)*IFERROR($AE12/$AF12,0)*IFERROR($AC12/$AD12,0)) -> 12809.955
A13: =IF(Allocation2!D13="","",Allocation2!D13) -> 2026 | B13: =IF(Allocation2!E13="","",Allocation2!E13) -> MBWAY_NAN | C13: =IF(Allocation2!F13="","",Allocation2!F13) -> MBWAY | D13: =IF(Allocation2!G13="","",Allocation2!G13) -> BAC_MGT | E13: =IF(Allocation2!H13="","",Allocation2!H13) -> B2 | F13: =IF(Allocation2!I13="","",Allocation2!I13) -> ALT | G13: =IF(Allocation2!E13="","",Allocation2!J13) -> 58 | H13: =IF(Allocation2!E13="","",Allocation2!K13) -> 2 | I13: =IF(Allocation2!E13="","",Allocation2!L13) -> 406000 | J13: =IF($A13="","",Allocation2!X13) -> 0 | K13: =IF($A13="","",$H13*IF(AND(LEFT($D13,3)="BAC",$F13="INIT"),600,IF(LEFT($D13,3)="BAC",480,IF(AND(LEFT($D13,3)="MAS",$F13="INIT"),520,IF(LEFT($D13,3)="MAS",420,IF($F13="INIT",1000,700)))))) -> 960 | L13: =IF($A13="","",SUMIFS($G$1:$G$175,$A$1:$A$175,$A13,$B$1:$B$175,$B13)) -> 294 | M13: =IF($A13="","",SUMIFS($H$1:$H$175,$A$1:$A$175,$A13,$B$1:$B$175,$B13)) -> 12 | N13: =IF($A13="","",SUMIFS($I$1:$I$175,$A$1:$A$175,$A13,$B$1:$B$175,$B13)) -> 2158300 | O13: =IF($A13="","",SUMIFS($K$1:$K$175,$A$1:$A$175,$A13,$B$1:$B$175,$B13)) -> 5640 | P13: =IF($A13="","",SUMIFS($J$1:$J$175,$A$1:$A$175,$A13,$B$1:$B$175,$B13)) -> 120 | Q13: =IF($A13="","",SUMIFS($G$1:$G$175,$A$1:$A$175,$A13,$C$1:$C$175,$C13)) -> 1249 | R13: =IF($A13="","",SUMIFS($H$1:$H$175,$A$1:$A$175,$A13,$C$1:$C$175,$C13)) -> 50 | S13: =IF($A13="","",SUMIFS($I$1:$I$175,$A$1:$A$175,$A13,$C$1:$C$175,$C13)) -> 9567455 | T13: =IF($A13="","",SUMIFS($G$1:$G$175,$A$1:$A$175,$A13)) -> 3036 | U13: =IF($A13="","",SUMIFS($H$1:$H$175,$A$1:$A$175,$A13)) -> 131 | V13: =IF($A13="","",SUMIFS($I$1:$I$175,$A$1:$A$175,$A13)) -> 22544725 | W13: =IF($A13="","",Allocation2!Y13) -> 144875 | X13: =IF($A13="","",Allocation2!Z13) -> 298865 | Y13: =IF($A13="","",Allocation2!AA13) -> 109396 | Z13: =IF($A13="","",Allocation2!AB13) -> 31533 | AA13: =IF($A13="","",Allocation2!AC13) -> 698861 | AB13: =IF($A13="","",Allocation2!AD13) -> 2891983 | AC13: =IF($A13="","",IF(ALLOC!$N$4="VOL_EFF",$G13,IF(ALLOC!$N$4="VOL_CLASS",$H13,$I13))) -> 58 | AD13: =IF($A13="","",IF(ALLOC!$N$4="VOL_EFF",$L13,IF(ALLOC!$N$4="VOL_CLASS",$M13,$N13))) -> 294 | AE13: =IF($A13="","",IF(ALLOC!$N$3="VOL_EFF",$L13,IF(ALLOC!$N$3="VOL_CLASS",$M13,$N13))) -> 2158300 | AF13: =IF($A13="","",IF(ALLOC!$N$3="VOL_EFF",$Q13,IF(ALLOC!$N$3="VOL_CLASS",$R13,$S13))) -> 9567455 | AG13: =IF($A13="","",IF(ALLOC!$N$1="VOL_EFF",$Q13,IF(ALLOC!$N$1="VOL_CLASS",$R13,$S13))) -> 1249 | AH13: =IF($A13="","",IF(ALLOC!$N$1="VOL_EFF",$T13,IF(ALLOC!$N$1="VOL_CLASS",$U13,$V13))) -> 3036 | AI13: =IF($A13="","",$W13*IFERROR($K13/$O13,0)) -> 24659.574 | AJ13: =IF($A13="","",$X13*IFERROR($K13/$O13,0)) -> 50870.638 | AK13: =IF($A13="","",$Y13*IFERROR($G13/$L13,0)+$Z13*IFERROR($J13/$P13,0)) -> 21581.524 | AL13: =IF($A13="","",$AA13*IFERROR($AC13/$AD13,0)) -> 137870.54 | AM13: =IF($A13="","",$AB13*IFERROR($AG13/$AH13,0)*IFERROR($AE13/$AF13,0)*IFERROR($AC13/$AD13,0)) -> 52948.353 | AN13: =IF($A13="","",$I13-($AI13+$AJ13+$AK13+$AL13+$AM13+$AR13)) -> 105686.42 | AO13: =IF($A13="","",Allocation2!AE13) -> 676344 | AP13: =IF($A13="","",IF(ALLOC!$N$2="VOL_EFF",$Q13,IF(ALLOC!$N$2="VOL_CLASS",$R13,$S13))) -> 1249 | AQ13: =IF($A13="","",IF(ALLOC!$N$2="VOL_EFF",$T13,IF(ALLOC!$N$2="VOL_CLASS",$U13,$V13))) -> 3036 | AR13: =IF($A13="","",$AO13*IFERROR($AP13/$AQ13,0)*IFERROR($AE13/$AF13,0)*IFERROR($AC13/$AD13,0)) -> 12382.957
... A175: =IF(Allocation2!D175="","",Allocation2!D175) -> 2024 | B175: =IF(Allocation2!E175="","",Allocation2!E175) -> TUNON_LYO | C175: =IF(Allocation2!F175="","",Allocation2!F175) -> TUNON | D175: =IF(Allocation2!G175="","",Allocation2!G175) -> BAC_TOU | E175: =IF(Allocation2!H175="","",Allocation2!H175) -> B3 | F175: =IF(Allocation2!I175="","",Allocation2!I175) -> ALT | G175: =IF(Allocation2!E175="","",Allocation2!J175) -> 34 | H175: =IF(Allocation2!E175="","",Allocation2!K175) -> 2 | I175: =IF(Allocation2!E175="","",Allocation2!L175) -> 249900 | J175: =IF($A175="","",Allocation2!X175) -> 0 | K175: =IF($A175="","",$H175*IF(AND(LEFT($D175,3)="BAC",$F175="INIT"),600,IF(LEFT($D175,3)="BAC",480,IF(AND(LEFT($D175,3)="MAS",$F175="INIT"),520,IF(LEFT($D175,3)="MAS",420,IF($F175="INIT",1000,700)))))) -> 960 | L175: =IF($A175="","",SUMIFS($G$1:$G$175,$A$1:$A$175,$A175,$B$1:$B$175,$B175)) -> 105 | M175: =IF($A175="","",SUMIFS($H$1:$H$175,$A$1:$A$175,$A175,$B$1:$B$175,$B175)) -> 6 | N175: =IF($A175="","",SUMIFS($I$1:$I$175,$A$1:$A$175,$A175,$B$1:$B$175,$B175)) -> 774990 | O175: =IF($A175="","",SUMIFS($K$1:$K$175,$A$1:$A$175,$A175,$B$1:$B$175,$B175)) -> 2880 | P175: =IF($A175="","",SUMIFS($J$1:$J$175,$A$1:$A$175,$A175,$B$1:$B$175,$B175)) -> 36 | Q175: =IF($A175="","",SUMIFS($G$1:$G$175,$A$1:$A$175,$A175,$C$1:$C$175,$C175)) -> 228 | R175: =IF($A175="","",SUMIFS($H$1:$H$175,$A$1:$A$175,$A175,$C$1:$C$175,$C175)) -> 12 | S175: =IF($A175="","",SUMIFS($I$1:$I$175,$A$1:$A$175,$A175,$C$1:$C$175,$C175)) -> 1743090 | T175: =IF($A175="","",SUMIFS($G$1:$G$175,$A$1:$A$175,$A175)) -> 2704 | U175: =IF($A175="","",SUMIFS($H$1:$H$175,$A$1:$A$175,$A175)) -> 131 | V175: =IF($A175="","",SUMIFS($I$1:$I$175,$A$1:$A$175,$A175)) -> 20076860 | W175: =IF($A175="","",Allocation2!Y175) -> 66108 | X175: =IF($A175="","",Allocation2!Z175) -> 152741 | Y175: =IF($A175="","",Allocation2!AA175) -> 39731 | Z175: =IF($A175="","",Allocation2!AB175) -> 15578 | AA175: =IF($A175="","",Allocation2!AC175) -> 308112 | AB175: =IF($A175="","",Allocation2!AD175) -> 2639292 | AC175: =IF($A175="","",IF(ALLOC!$N$4="VOL_EFF",$G175,IF(ALLOC!$N$4="VOL_CLASS",$H175,$I175))) -> 34 | AD175: =IF($A175="","",IF(ALLOC!$N$4="VOL_EFF",$L175,IF(ALLOC!$N$4="VOL_CLASS",$M175,$N175))) -> 105 | AE175: =IF($A175="","",IF(ALLOC!$N$3="VOL_EFF",$L175,IF(ALLOC!$N$3="VOL_CLASS",$M175,$N175))) -> 774990 | AF175: =IF($A175="","",IF(ALLOC!$N$3="VOL_EFF",$Q175,IF(ALLOC!$N$3="VOL_CLASS",$R175,$S175))) -> 1743090 | AG175: =IF($A175="","",IF(ALLOC!$N$1="VOL_EFF",$Q175,IF(ALLOC!$N$1="VOL_CLASS",$R175,$S175))) -> 228 | AH175: =IF($A175="","",IF(ALLOC!$N$1="VOL_EFF",$T175,IF(ALLOC!$N$1="VOL_CLASS",$U175,$V175))) -> 2704 | AI175: =IF($A175="","",$W175*IFERROR($K175/$O175,0)) -> 22036 | AJ175: =IF($A175="","",$X175*IFERROR($K175/$O175,0)) -> 50913.667 | AK175: =IF($A175="","",$Y175*IFERROR($G175/$L175,0)+$Z175*IFERROR($J175/$P175,0)) -> 12865.276 | AL175: =IF($A175="","",$AA175*IFERROR($AC175/$AD175,0)) -> 99769.6 | AM175: =IF($A175="","",$AB175*IFERROR($AG175/$AH175,0)*IFERROR($AE175/$AF175,0)*IFERROR($AC175/$AD175,0)) -> 32039.188 | AN175: =IF($A175="","",$I175-($AI175+$AJ175+$AK175+$AL175+$AM175+$AR175)) -> 26207.511 | AO175: =IF($A175="","",Allocation2!AE175) -> 499926 | AP175: =IF($A175="","",IF(ALLOC!$N$2="VOL_EFF",$Q175,IF(ALLOC!$N$2="VOL_CLASS",$R175,$S175))) -> 228 | AQ175: =IF($A175="","",IF(ALLOC!$N$2="VOL_EFF",$T175,IF(ALLOC!$N$2="VOL_CLASS",$U175,$V175))) -> 2704 | AR175: =IF($A175="","",$AO175*IFERROR($AP175/$AQ175,0)*IFERROR($AE175/$AF175,0)*IFERROR($AC175/$AD175,0)) -> 6068.7576
