Workbook

Sheet Réconciliation
B2: EDUSERVICES GROUP Réconciliation CRM / Comptabilité | F2: Source : Tagetik TGK_MSSQL_07
B5: Exercice | C5: 2027 | I5: Colonnes repérées par leur nom
B6: Version | C6: V01 | I6: Entity | J6: =MATCH("Entity",INDEX(Données!$A:$Z,$C$7,0),0)
B7: Ligne d'en-tête de la restitution | C7: 1 | I7: Marque | J7: =MATCH("Marque",INDEX(Données!$A:$Z,$C$7,0),0)
I8: Exercice | J8: =MATCH("Exercice",INDEX(Données!$A:$Z,$C$7,0),0)
B9: CA CRM | D9: CA comptabilité | F9: Écart | I9: Version | J9: =MATCH("Version",INDEX(Données!$A:$Z,$C$7,0),0)
B10: =$C$21 | D10: =$D$21 | F10: =$E$21 | I10: CA CRM | J10: =MATCH("CA CRM",INDEX(Données!$A:$Z,$C$7,0),0)
F11: =IF($C$21=0,0,$E$21/$C$21) | I11: CA Compta | J11: =MATCH("CA Compta",INDEX(Données!$A:$Z,$C$7,0),0)
B13: PAR MARQUE
B14: Marque | C14: CA CRM | D14: CA Comptabilité | E14: Écart | F14: Écart %
B15: MBWAY | C15: =SUMIFS(INDEX(Données!$A:$Z,0,$J$10),INDEX(Données!$A:$Z,0,$J$7),$B15,INDEX(Données!$A:$Z,0,$J$8),$C$5,INDEX(Données!$A:$Z,0,$J$9),$C$6) | D15: =SUMIFS(INDEX(Données!$A:$Z,0,$J$11),INDEX(Données!$A:$Z,0,$J$7),$B15,INDEX(Données!$A:$Z,0,$J$8),$C$5,INDEX(Données!$A:$Z,0,$J$9),$C$6) | E15: =D15-C15 | F15: =IF(C15=0,0,E15/C15)
B16: ISCOM | C16: =SUMIFS(INDEX(Données!$A:$Z,0,$J$10),INDEX(Données!$A:$Z,0,$J$7),$B16,INDEX(Données!$A:$Z,0,$J$8),$C$5,INDEX(Données!$A:$Z,0,$J$9),$C$6) | D16: =SUMIFS(INDEX(Données!$A:$Z,0,$J$11),INDEX(Données!$A:$Z,0,$J$7),$B16,INDEX(Données!$A:$Z,0,$J$8),$C$5,INDEX(Données!$A:$Z,0,$J$9),$C$6) | E16: =D16-C16 | F16: =IF(C16=0,0,E16/C16)
B17: IPAC | C17: =SUMIFS(INDEX(Données!$A:$Z,0,$J$10),INDEX(Données!$A:$Z,0,$J$7),$B17,INDEX(Données!$A:$Z,0,$J$8),$C$5,INDEX(Données!$A:$Z,0,$J$9),$C$6) | D17: =SUMIFS(INDEX(Données!$A:$Z,0,$J$11),INDEX(Données!$A:$Z,0,$J$7),$B17,INDEX(Données!$A:$Z,0,$J$8),$C$5,INDEX(Données!$A:$Z,0,$J$9),$C$6) | E17: =D17-C17 | F17: =IF(C17=0,0,E17/C17)
B18: PIGIER | C18: =SUMIFS(INDEX(Données!$A:$Z,0,$J$10),INDEX(Données!$A:$Z,0,$J$7),$B18,INDEX(Données!$A:$Z,0,$J$8),$C$5,INDEX(Données!$A:$Z,0,$J$9),$C$6) | D18: =SUMIFS(INDEX(Données!$A:$Z,0,$J$11),INDEX(Données!$A:$Z,0,$J$7),$B18,INDEX(Données!$A:$Z,0,$J$8),$C$5,INDEX(Données!$A:$Z,0,$J$9),$C$6) | E18: =D18-C18 | F18: =IF(C18=0,0,E18/C18)
B19: TUNON | C19: =SUMIFS(INDEX(Données!$A:$Z,0,$J$10),INDEX(Données!$A:$Z,0,$J$7),$B19,INDEX(Données!$A:$Z,0,$J$8),$C$5,INDEX(Données!$A:$Z,0,$J$9),$C$6) | D19: =SUMIFS(INDEX(Données!$A:$Z,0,$J$11),INDEX(Données!$A:$Z,0,$J$7),$B19,INDEX(Données!$A:$Z,0,$J$8),$C$5,INDEX(Données!$A:$Z,0,$J$9),$C$6) | E19: =D19-C19 | F19: =IF(C19=0,0,E19/C19)
B20: Hors liste | C20: =SUMIFS(INDEX(Données!$A:$Z,0,$J$10),INDEX(Données!$A:$Z,0,$J$8),$C$5,INDEX(Données!$A:$Z,0,$J$9),$C$6)-SUM($C$15:$C$19) | D20: =SUMIFS(INDEX(Données!$A:$Z,0,$J$11),INDEX(Données!$A:$Z,0,$J$8),$C$5,INDEX(Données!$A:$Z,0,$J$9),$C$6)-SUM($D$15:$D$19) | E20: =D20-C20
B21: Total | C21: =SUM($C$15:$C$20) | D21: =SUM($D$15:$D$20) | E21: =D21-C21 | F21: =IF(C21=0,0,E21/C21)
B24: PAR CAMPUS
B25: Campus | C25: Marque | D25: CA CRM | E25: CA Comptabilité | F25: Écart | G25: Écart %
B26: IPAC_MTP | C26: =IF(ISERROR(FIND("_",$B26)),$B26,LEFT($B26,FIND("_",$B26)-1)) | D26: =SUMIFS(INDEX(Données!$A:$Z,0,$J$10),INDEX(Données!$A:$Z,0,$J$6),$B26,INDEX(Données!$A:$Z,0,$J$8),$C$5,INDEX(Données!$A:$Z,0,$J$9),$C$6) | E26: =SUMIFS(INDEX(Données!$A:$Z,0,$J$11),INDEX(Données!$A:$Z,0,$J$6),$B26,INDEX(Données!$A:$Z,0,$J$8),$C$5,INDEX(Données!$A:$Z,0,$J$9),$C$6) | F26: =E26-D26 | G26: =IF(D26=0,0,F26/D26)
B27: IPAC_NAN | C27: =IF(ISERROR(FIND("_",$B27)),$B27,LEFT($B27,FIND("_",$B27)-1)) | D27: =SUMIFS(INDEX(Données!$A:$Z,0,$J$10),INDEX(Données!$A:$Z,0,$J$6),$B27,INDEX(Données!$A:$Z,0,$J$8),$C$5,INDEX(Données!$A:$Z,0,$J$9),$C$6) | E27: =SUMIFS(INDEX(Données!$A:$Z,0,$J$11),INDEX(Données!$A:$Z,0,$J$6),$B27,INDEX(Données!$A:$Z,0,$J$8),$C$5,INDEX(Données!$A:$Z,0,$J$9),$C$6) | F27: =E27-D27 | G27: =IF(D27=0,0,F27/D27)
B28: IPAC_REN | C28: =IF(ISERROR(FIND("_",$B28)),$B28,LEFT($B28,FIND("_",$B28)-1)) | D28: =SUMIFS(INDEX(Données!$A:$Z,0,$J$10),INDEX(Données!$A:$Z,0,$J$6),$B28,INDEX(Données!$A:$Z,0,$J$8),$C$5,INDEX(Données!$A:$Z,0,$J$9),$C$6) | E28: =SUMIFS(INDEX(Données!$A:$Z,0,$J$11),INDEX(Données!$A:$Z,0,$J$6),$B28,INDEX(Données!$A:$Z,0,$J$8),$C$5,INDEX(Données!$A:$Z,0,$J$9),$C$6) | F28: =E28-D28 | G28: =IF(D28=0,0,F28/D28)
B29: ISCOM_LIL | C29: =IF(ISERROR(FIND("_",$B29)),$B29,LEFT($B29,FIND("_",$B29)-1)) | D29: =SUMIFS(INDEX(Données!$A:$Z,0,$J$10),INDEX(Données!$A:$Z,0,$J$6),$B29,INDEX(Données!$A:$Z,0,$J$8),$C$5,INDEX(Données!$A:$Z,0,$J$9),$C$6) | E29: =SUMIFS(INDEX(Données!$A:$Z,0,$J$11),INDEX(Données!$A:$Z,0,$J$6),$B29,INDEX(Données!$A:$Z,0,$J$8),$C$5,INDEX(Données!$A:$Z,0,$J$9),$C$6) | F29: =E29-D29 | G29: =IF(D29=0,0,F29/D29)
B30: ISCOM_PAR | C30: =IF(ISERROR(FIND("_",$B30)),$B30,LEFT($B30,FIND("_",$B30)-1)) | D30: =SUMIFS(INDEX(Données!$A:$Z,0,$J$10),INDEX(Données!$A:$Z,0,$J$6),$B30,INDEX(Données!$A:$Z,0,$J$8),$C$5,INDEX(Données!$A:$Z,0,$J$9),$C$6) | E30: =SUMIFS(INDEX(Données!$A:$Z,0,$J$11),INDEX(Données!$A:$Z,0,$J$6),$B30,INDEX(Données!$A:$Z,0,$J$8),$C$5,INDEX(Données!$A:$Z,0,$J$9),$C$6) | F30: =E30-D30 | G30: =IF(D30=0,0,F30/D30)
B31: ISCOM_TLS | C31: =IF(ISERROR(FIND("_",$B31)),$B31,LEFT($B31,FIND("_",$B31)-1)) | D31: =SUMIFS(INDEX(Données!$A:$Z,0,$J$10),INDEX(Données!$A:$Z,0,$J$6),$B31,INDEX(Données!$A:$Z,0,$J$8),$C$5,INDEX(Données!$A:$Z,0,$J$9),$C$6) | E31: =SUMIFS(INDEX(Données!$A:$Z,0,$J$11),INDEX(Données!$A:$Z,0,$J$6),$B31,INDEX(Données!$A:$Z,0,$J$8),$C$5,INDEX(Données!$A:$Z,0,$J$9),$C$6) | F31: =E31-D31 | G31: =IF(D31=0,0,F31/D31)
B32: MBWAY_BOR | C32: =IF(ISERROR(FIND("_",$B32)),$B32,LEFT($B32,FIND("_",$B32)-1)) | D32: =SUMIFS(INDEX(Données!$A:$Z,0,$J$10),INDEX(Données!$A:$Z,0,$J$6),$B32,INDEX(Données!$A:$Z,0,$J$8),$C$5,INDEX(Données!$A:$Z,0,$J$9),$C$6) | E32: =SUMIFS(INDEX(Données!$A:$Z,0,$J$11),INDEX(Données!$A:$Z,0,$J$6),$B32,INDEX(Données!$A:$Z,0,$J$8),$C$5,INDEX(Données!$A:$Z,0,$J$9),$C$6) | F32: =E32-D32 | G32: =IF(D32=0,0,F32/D32)
B33: MBWAY_LYO | C33: =IF(ISERROR(FIND("_",$B33)),$B33,LEFT($B33,FIND("_",$B33)-1)) | D33: =SUMIFS(INDEX(Données!$A:$Z,0,$J$10),INDEX(Données!$A:$Z,0,$J$6),$B33,INDEX(Données!$A:$Z,0,$J$8),$C$5,INDEX(Données!$A:$Z,0,$J$9),$C$6) | E33: =SUMIFS(INDEX(Données!$A:$Z,0,$J$11),INDEX(Données!$A:$Z,0,$J$6),$B33,INDEX(Données!$A:$Z,0,$J$8),$C$5,INDEX(Données!$A:$Z,0,$J$9),$C$6) | F33: =E33-D33 | G33: =IF(D33=0,0,F33/D33)
B34: MBWAY_NAN | C34: =IF(ISERROR(FIND("_",$B34)),$B34,LEFT($B34,FIND("_",$B34)-1)) | D34: =SUMIFS(INDEX(Données!$A:$Z,0,$J$10),INDEX(Données!$A:$Z,0,$J$6),$B34,INDEX(Données!$A:$Z,0,$J$8),$C$5,INDEX(Données!$A:$Z,0,$J$9),$C$6) | E34: =SUMIFS(INDEX(Données!$A:$Z,0,$J$11),INDEX(Données!$A:$Z,0,$J$6),$B34,INDEX(Données!$A:$Z,0,$J$8),$C$5,INDEX(Données!$A:$Z,0,$J$9),$C$6) | F34: =E34-D34 | G34: =IF(D34=0,0,F34/D34)
B35: MBWAY_PAR | C35: =IF(ISERROR(FIND("_",$B35)),$B35,LEFT($B35,FIND("_",$B35)-1)) | D35: =SUMIFS(INDEX(Données!$A:$Z,0,$J$10),INDEX(Données!$A:$Z,0,$J$6),$B35,INDEX(Données!$A:$Z,0,$J$8),$C$5,INDEX(Données!$A:$Z,0,$J$9),$C$6) | E35: =SUMIFS(INDEX(Données!$A:$Z,0,$J$11),INDEX(Données!$A:$Z,0,$J$6),$B35,INDEX(Données!$A:$Z,0,$J$8),$C$5,INDEX(Données!$A:$Z,0,$J$9),$C$6) | F35: =E35-D35 | G35: =IF(D35=0,0,F35/D35)
B36: PIGIER_BOR | C36: =IF(ISERROR(FIND("_",$B36)),$B36,LEFT($B36,FIND("_",$B36)-1)) | D36: =SUMIFS(INDEX(Données!$A:$Z,0,$J$10),INDEX(Données!$A:$Z,0,$J$6),$B36,INDEX(Données!$A:$Z,0,$J$8),$C$5,INDEX(Données!$A:$Z,0,$J$9),$C$6) | E36: =SUMIFS(INDEX(Données!$A:$Z,0,$J$11),INDEX(Données!$A:$Z,0,$J$6),$B36,INDEX(Données!$A:$Z,0,$J$8),$C$5,INDEX(Données!$A:$Z,0,$J$9),$C$6) | F36: =E36-D36 | G36: =IF(D36=0,0,F36/D36)
B37: PIGIER_LYO | C37: =IF(ISERROR(FIND("_",$B37)),$B37,LEFT($B37,FIND("_",$B37)-1)) | D37: =SUMIFS(INDEX(Données!$A:$Z,0,$J$10),INDEX(Données!$A:$Z,0,$J$6),$B37,INDEX(Données!$A:$Z,0,$J$8),$C$5,INDEX(Données!$A:$Z,0,$J$9),$C$6) | E37: =SUMIFS(INDEX(Données!$A:$Z,0,$J$11),INDEX(Données!$A:$Z,0,$J$6),$B37,INDEX(Données!$A:$Z,0,$J$8),$C$5,INDEX(Données!$A:$Z,0,$J$9),$C$6) | F37: =E37-D37 | G37: =IF(D37=0,0,F37/D37)
... B39: TUNON_PAR | C39: =IF(ISERROR(FIND("_",$B39)),$B39,LEFT($B39,FIND("_",$B39)-1)) | D39: =SUMIFS(INDEX(Données!$A:$Z,0,$J$10),INDEX(Données!$A:$Z,0,$J$6),$B39,INDEX(Données!$A:$Z,0,$J$8),$C$5,INDEX(Données!$A:$Z,0,$J$9),$C$6) | E39: =SUMIFS(INDEX(Données!$A:$Z,0,$J$11),INDEX(Données!$A:$Z,0,$J$6),$B39,INDEX(Données!$A:$Z,0,$J$8),$C$5,INDEX(Données!$A:$Z,0,$J$9),$C$6) | F39: =E39-D39 | G39: =IF(D39=0,0,F39/D39)
B40: Hors liste | D40: =SUMIFS(INDEX(Données!$A:$Z,0,$J$10),INDEX(Données!$A:$Z,0,$J$8),$C$5,INDEX(Données!$A:$Z,0,$J$9),$C$6)-SUM($D$26:$D$39) | E40: =SUMIFS(INDEX(Données!$A:$Z,0,$J$11),INDEX(Données!$A:$Z,0,$J$8),$C$5,INDEX(Données!$A:$Z,0,$J$9),$C$6)-SUM($E$26:$E$39) | F40: =E40-D40
B41: Total | D41: =SUM($D$26:$D$40) | E41: =SUM($E$26:$E$40) | F41: =E41-D41 | G41: =IF(D41=0,0,F41/D41)
B44: CA CRM = effectifs x tarif + nouveaux x frais d'inscription (socle, ou moteur pour 2027). CA Comptabilité = comptes 706 + 7062 + 708.

Sheet Données
A1: Entity | B1: Marque | C1: Exercice | D1: Version | E1: CA CRM | F1: CA Compta | G1: Ecart
A2: IPAC_MTP | B2: IPAC | C2: 2024 | D2: ACT | E2: 701490 | F2: 701490 | G2: =F2-E2
A3: IPAC_NAN | B3: IPAC | C3: 2024 | D3: ACT | E3: 906960 | F3: 906960 | G3: =F3-E3
A4: IPAC_REN | B4: IPAC | C4: 2024 | D4: ACT | E4: 701490 | F4: 701490 | G4: =F4-E4
A5: ISCOM_LIL | B5: ISCOM | C5: 2024 | D5: ACT | E5: 1561220 | F5: 1561220 | G5: =F5-E5
A6: ISCOM_PAR | B6: ISCOM | C6: 2024 | D6: ACT | E6: 2580240 | F6: 2580240 | G6: =F6-E6
A7: ISCOM_TLS | B7: ISCOM | C7: 2024 | D7: ACT | E7: 1451880 | F7: 1451880 | G7: =F7-E7
A8: MBWAY_BOR | B8: MBWAY | C8: 2024 | D8: ACT | E8: 1573680 | F8: 1573680 | G8: =F8-E8
A9: MBWAY_LYO | B9: MBWAY | C9: 2024 | D9: ACT | E9: 2227170 | F9: 2227170 | G9: =F9-E9
A10: MBWAY_NAN | B10: MBWAY | C10: 2024 | D10: ACT | E10: 1923040 | F10: 1923040 | G10: =F10-E10
A11: MBWAY_PAR | B11: MBWAY | C11: 2024 | D11: ACT | E11: 2793380 | F11: 2793380 | G11: =F11-E11
A12: PIGIER_BOR | B12: PIGIER | C12: 2024 | D12: ACT | E12: 1003890 | F12: 1003890 | G12: =F12-E12
A13: PIGIER_LYO | B13: PIGIER | C13: 2024 | D13: ACT | E13: 1399680 | F13: 1399680 | G13: =F13-E13
... A85: TUNON_PAR | B85: TUNON | C85: 2027 | D85: V03 | E85: 1067029.2 | F85: 1065102.6 | G85: =F85-E85
A87: Coller ici la sortie de Q_RECONCILIATION_MARQUE. La ligne d'en-tête est repérée par son numéro, saisi en Réconciliation!C7.
